Id,ActivityDate,TotalSteps,TotalDistance,TrackerDistance,LoggedActivitiesDistance,VeryActiveDistance,ModeratelyActiveDistance,LightActiveDistance,SedentaryActiveDistance,VeryActiveMinutes,FairlyActiveMinutes,LightlyActiveMinutes,SedentaryMinutes,Calories
1503960366,2016-04-12,13162.00,8.50,8.50,0.00,1.88,0.55,6.06,0.00,25.00,13.00,328.00,728.00,1985.00
1503960366,2016-04-13,10735.00,6.97,6.97,0.00,1.57,0.69,4.71,0.00,21.00,19.00,217.00,776.00,1797.00
1503960366,2016-04-14,10460.00,6.74,6.74,0.00,2.44,0.40,3.91,0.00,30.00,11.00,181.00,1218.00,1776.00
1503960366,2016-04-15,9762.00,6.28,6.28,0.00,2.14,1.26,2.83,0.00,29.00,34.00,209.00,726.00,1745.00
1503960366,2016-04-16,12669.00,8.16,8.16,0.00,2.71,0.41,5.04,0.00,36.00,10.00,221.00,773.00,1863.00
1503960366,2016-04-17,9705.00,6.48,6.48,0.00,3.19,0.78,2.51,0.00,38.00,20.00,164.00,539.00,1728.00
1503960366,2016-04-18,13019.00,8.59,8.59,0.00,3.25,0.64,4.71,0.00,42.00,16.00,233.00,1149.00,1921.00
1503960366,2016-04-19,15506.00,9.88,9.88,0.00,3.53,1.32,5.03,0.00,50.00,31.00,264.00,775.00,2035.00
1503960366,2016-04-20,10544.00,6.68,6.68,0.00,1.96,0.48,4.24,0.00,28.00,12.00,205.00,818.00,1786.00
1503960366,2016-04-21,9819.00,6.34,6.34,0.00,1.34,0.35,4.65,0.00,19.00,8.00,211.00,838.00,1775.00
1503960366,2016-04-22,12764.00,8.13,8.13,0.00,4.76,1.12,2.24,0.00,66.00,27.00,130.00,1217.00,1827.00
1503960366,2016-04-23,14371.00,9.04,9.04,0.00,2.81,0.87,5.36,0.00,41.00,21.00,262.00,732.00,1949.00
1503960366,2016-04-24,10039.00,6.41,6.41,0.00,2.92,0.21,3.28,0.00,39.00,5.00,238.00,709.00,1788.00
1503960366,2016-04-25,15355.00,9.80,9.80,0.00,5.29,0.57,3.94,0.00,73.00,14.00,216.00,814.00,2013.00
1503960366,2016-04-26,13755.00,8.79,8.79,0.00,2.33,0.92,5.54,0.00,31.00,23.00,279.00,833.00,1970.00
1503960366,2016-04-27,18134.00,12.21,12.21,0.00,6.40,0.41,5.41,0.00,78.00,11.00,243.00,1108.00,2159.00
1503960366,2016-04-28,13154.00,8.53,8.53,0.00,3.54,1.16,3.79,0.00,48.00,28.00,189.00,782.00,1898.00
1503960366,2016-04-29,11181.00,7.15,7.15,0.00,1.06,0.50,5.58,0.00,16.00,12.00,243.00,815.00,1837.00
1503960366,2016-04-30,14673.00,9.25,9.25,0.00,3.56,1.42,4.27,0.00,52.00,34.00,217.00,712.00,1947.00
1503960366,2016-05-01,10602.00,6.81,6.81,0.00,2.29,1.60,2.92,0.00,33.00,35.00,246.00,730.00,1820.00
1503960366,2016-05-02,14727.00,9.71,9.71,0.00,3.21,0.57,5.92,0.00,41.00,15.00,277.00,798.00,2004.00
1503960366,2016-05-03,15103.00,9.66,9.66,0.00,3.73,1.05,4.88,0.00,50.00,24.00,254.00,816.00,1990.00
1503960366,2016-05-04,11100.00,7.15,7.15,0.00,2.46,0.87,3.82,0.00,36.00,22.00,203.00,1179.00,1819.00
1503960366,2016-05-05,14070.00,8.90,8.90,0.00,2.92,1.08,4.88,0.00,45.00,24.00,250.00,857.00,1959.00
1503960366,2016-05-06,12159.00,8.03,8.03,0.00,1.97,0.25,5.81,0.00,24.00,6.00,289.00,754.00,1896.00
1503960366,2016-05-07,11992.00,7.71,7.71,0.00,2.46,2.12,3.13,0.00,37.00,46.00,175.00,833.00,1821.00
1503960366,2016-05-08,10060.00,6.58,6.58,0.00,3.53,0.32,2.73,0.00,44.00,8.00,203.00,574.00,1740.00
1503960366,2016-05-09,12022.00,7.72,7.72,0.00,3.45,0.53,3.74,0.00,46.00,11.00,206.00,835.00,1819.00
1503960366,2016-05-10,12207.00,7.77,7.77,0.00,3.35,1.16,3.26,0.00,46.00,31.00,214.00,746.00,1859.00
1503960366,2016-05-11,12770.00,8.13,8.13,0.00,2.56,1.01,4.55,0.00,36.00,23.00,251.00,669.00,1783.00
1503960366,2016-05-12,0.00,0.00,0.00,0.00,0.00,0.00,0.00,0.00,0.00,0.00,0.00,1440.00,0.00
1624580081,2016-04-12,8163.00,5.31,5.31,0.00,0.00,0.00,5.31,0.00,0.00,0.00,146.00,1294.00,1432.00
1624580081,2016-04-13,7007.00,4.55,4.55,0.00,0.00,0.00,4.55,0.00,0.00,0.00,148.00,1292.00,1411.00
1624580081,2016-04-14,9107.00,5.92,5.92,0.00,0.00,0.00,5.91,0.01,0.00,0.00,236.00,1204.00,1572.00
1624580081,2016-04-15,1510.00,0.98,0.98,0.00,0.00,0.00,0.97,0.00,0.00,0.00,96.00,1344.00,1344.00
1624580081,2016-04-16,5370.00,3.49,3.49,0.00,0.00,0.00,3.49,0.00,0.00,0.00,176.00,1264.00,1463.00
1624580081,2016-04-17,6175.00,4.06,4.06,0.00,1.03,1.52,1.49,0.01,15.00,22.00,127.00,1276.00,1554.00
1624580081,2016-04-18,10536.00,7.41,7.41,0.00,2.15,0.62,4.62,0.01,17.00,7.00,202.00,1214.00,1604.00
1624580081,2016-04-19,2916.00,1.90,1.90,0.00,0.00,0.00,1.90,0.00,0.00,0.00,141.00,1299.00,1435.00
1624580081,2016-04-20,4974.00,3.23,3.23,0.00,0.00,0.00,3.23,0.00,0.00,0.00,151.00,1289.00,1446.00
1624580081,2016-04-21,6349.00,4.13,4.13,0.00,0.00,0.00,4.11,0.02,0.00,0.00,186.00,1254.00,1467.00
1624580081,2016-04-22,4026.00,2.62,2.62,0.00,0.00,0.00,2.60,0.00,0.00,0.00,199.00,1241.00,1470.00
1624580081,2016-04-23,8538.00,5.55,5.55,0.00,0.00,0.00,5.54,0.01,0.00,0.00,227.00,1213.00,1562.00
1624580081,2016-04-24,6076.00,3.95,3.95,0.00,1.15,0.91,1.89,0.00,16.00,18.00,185.00,1221.00,1617.00
1624580081,2016-04-25,6497.00,4.22,4.22,0.00,0.00,0.00,4.20,0.02,0.00,0.00,202.00,1238.00,1492.00
1624580081,2016-04-26,2826.00,1.84,1.84,0.00,0.00,0.00,1.83,0.01,0.00,0.00,140.00,1300.00,1402.00
1624580081,2016-04-27,8367.00,5.44,5.44,0.00,1.11,1.87,2.46,0.00,17.00,36.00,154.00,1233.00,1670.00
1624580081,2016-04-28,2759.00,1.79,1.79,0.00,0.00,0.20,1.60,0.00,0.00,5.00,115.00,1320.00,1401.00
1624580081,2016-04-29,2390.00,1.55,1.55,0.00,0.00,0.00,1.55,0.00,0.00,0.00,150.00,1290.00,1404.00
1624580081,2016-04-30,6474.00,4.30,4.30,0.00,0.90,1.28,2.12,0.01,11.00,23.00,224.00,1182.00,1655.00
1624580081,2016-05-01,36019.00,28.03,28.03,0.00,21.92,4.19,1.91,0.02,186.00,63.00,171.00,1020.00,2690.00
1624580081,2016-05-02,7155.00,4.93,4.93,0.00,0.86,0.59,3.47,0.00,7.00,6.00,166.00,1261.00,1497.00
1624580081,2016-05-03,2100.00,1.37,1.37,0.00,0.00,0.00,1.34,0.02,0.00,0.00,96.00,1344.00,1334.00
1624580081,2016-05-04,2193.00,1.43,1.43,0.00,0.00,0.00,1.42,0.00,0.00,0.00,118.00,1322.00,1368.00
1624580081,2016-05-05,2470.00,1.61,1.61,0.00,0.00,0.00,1.58,0.02,0.00,0.00,117.00,1323.00,1370.00
1624580081,2016-05-06,1727.00,1.12,1.12,0.00,0.00,0.00,1.12,0.01,0.00,0.00,102.00,1338.00,1341.00
1624580081,2016-05-07,2104.00,1.37,1.37,0.00,0.00,0.00,1.37,0.00,0.00,0.00,182.00,1258.00,1474.00
1624580081,2016-05-08,3427.00,2.23,2.23,0.00,0.00,0.00,2.22,0.00,0.00,0.00,152.00,1288.00,1427.00
1624580081,2016-05-09,1732.00,1.13,1.13,0.00,0.00,0.00,1.13,0.00,0.00,0.00,91.00,1349.00,1328.00
1624580081,2016-05-10,2969.00,1.93,1.93,0.00,0.00,0.00,1.92,0.01,0.00,0.00,139.00,1301.00,1393.00
1624580081,2016-05-11,3134.00,2.04,2.04,0.00,0.00,0.00,2.04,0.00,0.00,0.00,112.00,1328.00,1359.00
1624580081,2016-05-12,2971.00,1.93,1.93,0.00,0.00,0.00,1.92,0.01,0.00,0.00,107.00,890.00,1002.00
1644430081,2016-04-12,10694.00,7.77,7.77,0.00,0.14,2.30,5.33,0.00,2.00,51.00,256.00,1131.00,3199.00
1644430081,2016-04-13,8001.00,5.82,5.82,0.00,2.28,0.90,2.64,0.00,30.00,16.00,135.00,1259.00,2902.00
1644430081,2016-04-14,11037.00,8.02,8.02,0.00,0.36,2.56,5.10,0.00,5.00,58.00,252.00,1125.00,3226.00
1644430081,2016-04-15,5263.00,3.83,3.83,0.00,0.22,0.15,3.45,0.00,3.00,4.00,170.00,1263.00,2750.00
1644430081,2016-04-16,15300.00,11.12,11.12,0.00,4.10,1.88,5.09,0.00,51.00,42.00,212.00,1135.00,3493.00
1644430081,2016-04-17,8757.00,6.37,6.37,0.00,2.25,0.57,3.55,0.00,29.00,13.00,186.00,1212.00,3011.00
1644430081,2016-04-18,7132.00,5.19,5.19,0.00,1.07,1.67,2.45,0.00,15.00,33.00,121.00,1271.00,2806.00
1644430081,2016-04-19,11256.00,8.18,8.18,0.00,0.36,2.53,5.30,0.00,5.00,58.00,278.00,1099.00,3300.00
1644430081,2016-04-20,2436.00,1.77,1.77,0.00,0.00,0.00,1.76,0.01,0.00,0.00,125.00,1315.00,2430.00
1644430081,2016-04-21,1223.00,0.89,0.89,0.00,0.00,0.00,0.88,0.01,0.00,0.00,38.00,1402.00,2140.00
1644430081,2016-04-22,3673.00,2.67,2.67,0.00,0.00,0.00,2.66,0.01,0.00,0.00,86.00,1354.00,2344.00
1644430081,2016-04-23,6637.00,4.83,4.83,0.00,0.00,0.58,4.25,0.00,0.00,15.00,160.00,1265.00,2677.00
1644430081,2016-04-24,3321.00,2.41,2.41,0.00,0.00,0.00,2.41,0.00,0.00,0.00,89.00,1351.00,2413.00
1644430081,2016-04-25,3580.00,2.60,2.60,0.00,0.59,0.06,1.95,0.00,8.00,1.00,94.00,1337.00,2497.00
1644430081,2016-04-26,9919.00,7.21,7.21,0.00,0.80,1.72,4.69,0.00,11.00,41.00,223.00,1165.00,3123.00
1644430081,2016-04-27,3032.00,2.20,2.20,0.00,0.00,0.00,2.20,0.00,0.00,0.00,118.00,1322.00,2489.00
1644430081,2016-04-28,9405.00,6.84,6.84,0.00,0.20,2.32,4.31,0.00,3.00,53.00,227.00,1157.00,3108.00
1644430081,2016-04-29,3176.00,2.31,2.31,0.00,0.00,0.00,2.31,0.00,0.00,0.00,120.00,1193.00,2498.00
1644430081,2016-04-30,18213.00,13.24,13.24,0.00,0.63,3.14,9.46,0.00,9.00,71.00,402.00,816.00,3846.00
1644430081,2016-05-01,6132.00,4.46,4.46,0.00,0.24,0.99,3.23,0.00,3.00,24.00,146.00,908.00,2696.00
1644430081,2016-05-02,3758.00,2.73,2.73,0.00,0.07,0.31,2.35,0.00,1.00,7.00,148.00,682.00,2580.00
1644430081,2016-05-03,12850.00,9.34,9.34,0.00,0.72,4.09,4.54,0.00,10.00,94.00,221.00,1115.00,3324.00
1644430081,2016-05-04,2309.00,1.68,1.68,0.00,0.00,0.00,1.66,0.02,0.00,0.00,52.00,1388.00,2222.00
1644430081,2016-05-05,4363.00,3.19,3.19,0.00,0.52,0.54,2.13,0.01,6.00,12.00,81.00,1341.00,2463.00
1644430081,2016-05-06,9787.00,7.12,7.12,0.00,0.82,0.27,6.01,0.02,11.00,6.00,369.00,1054.00,3328.00
1644430081,2016-05-07,13372.00,9.72,9.72,0.00,3.26,0.79,5.67,0.01,41.00,17.00,243.00,1139.00,3404.00
1644430081,2016-05-08,6724.00,4.89,4.89,0.00,0.00,0.00,4.88,0.00,0.00,0.00,295.00,991.00,2987.00
1644430081,2016-05-09,6643.00,4.83,4.83,0.00,2.39,0.35,2.09,0.01,32.00,6.00,303.00,1099.00,3008.00
1644430081,2016-05-10,9167.00,6.66,6.66,0.00,0.88,0.81,4.97,0.01,12.00,19.00,155.00,1254.00,2799.00
1644430081,2016-05-11,1329.00,0.97,0.97,0.00,0.00,0.00,0.95,0.01,0.00,0.00,49.00,713.00,1276.00
1844505072,2016-04-12,6697.00,4.43,4.43,0.00,0.00,0.00,4.43,0.00,0.00,0.00,339.00,1101.00,2030.00
1844505072,2016-04-13,4929.00,3.26,3.26,0.00,0.00,0.00,3.26,0.00,0.00,0.00,248.00,1192.00,1860.00
1844505072,2016-04-14,7937.00,5.25,5.25,0.00,0.00,0.00,5.23,0.00,0.00,0.00,373.00,843.00,2130.00
1844505072,2016-04-15,3844.00,2.54,2.54,0.00,0.00,0.00,2.54,0.00,0.00,0.00,176.00,527.00,1725.00
1844505072,2016-04-16,3414.00,2.26,2.26,0.00,0.00,0.00,2.26,0.00,0.00,0.00,147.00,1293.00,1657.00
1844505072,2016-04-17,4525.00,2.99,2.99,0.00,0.14,0.26,2.59,0.00,2.00,8.00,199.00,1231.00,1793.00
1844505072,2016-04-18,4597.00,3.04,3.04,0.00,0.00,0.48,2.56,0.00,0.00,12.00,217.00,1211.00,1814.00
1844505072,2016-04-19,197.00,0.13,0.13,0.00,0.00,0.00,0.13,0.00,0.00,0.00,10.00,1430.00,1366.00
1844505072,2016-04-20,8.00,0.01,0.01,0.00,0.00,0.00,0.01,0.00,0.00,0.00,1.00,1439.00,1349.00
1844505072,2016-04-21,8054.00,5.32,5.32,0.00,0.12,0.52,4.68,0.00,2.00,13.00,308.00,1117.00,2062.00
1844505072,2016-04-22,5372.00,3.55,3.55,0.00,0.00,0.00,3.55,0.00,0.00,0.00,220.00,1220.00,1827.00
1844505072,2016-04-23,3570.00,2.36,2.36,0.00,0.00,0.00,2.36,0.00,0.00,0.00,139.00,1301.00,1645.00
1844505072,2016-04-24,0.00,0.00,0.00,0.00,0.00,0.00,0.00,0.00,0.00,0.00,0.00,1440.00,1347.00
1844505072,2016-04-25,0.00,0.00,0.00,0.00,0.00,0.00,0.00,0.00,0.00,0.00,0.00,1440.00,1347.00
1844505072,2016-04-26,0.00,0.00,0.00,0.00,0.00,0.00,0.00,0.00,0.00,0.00,0.00,1440.00,1347.00
1844505072,2016-04-27,4.00,0.00,0.00,0.00,0.00,0.00,0.00,0.00,0.00,0.00,1.00,1439.00,1348.00
1844505072,2016-04-28,6907.00,4.57,4.57,0.00,0.00,0.00,4.56,0.00,0.00,0.00,302.00,1138.00,1992.00
1844505072,2016-04-29,4920.00,3.25,3.25,0.00,0.00,0.00,3.25,0.00,0.00,0.00,247.00,1082.00,1856.00
1844505072,2016-04-30,4014.00,2.67,2.67,0.00,0.00,0.00,2.65,0.00,0.00,0.00,184.00,218.00,1763.00
1844505072,2016-05-01,2573.00,1.70,1.70,0.00,0.00,0.26,1.45,0.00,0.00,7.00,75.00,585.00,1541.00
1844505072,2016-05-02,0.00,0.00,0.00,0.00,0.00,0.00,0.00,0.00,0.00,0.00,0.00,1440.00,1348.00
1844505072,2016-05-03,4059.00,2.68,2.68,0.00,0.00,0.00,2.68,0.00,0.00,0.00,184.00,1256.00,1742.00
1844505072,2016-05-04,2080.00,1.37,1.37,0.00,0.00,0.00,1.37,0.00,0.00,0.00,87.00,1353.00,1549.00
1844505072,2016-05-05,2237.00,1.48,1.48,0.00,0.00,0.00,1.48,0.00,0.00,0.00,120.00,1320.00,1589.00
1844505072,2016-05-06,44.00,0.03,0.03,0.00,0.00,0.00,0.03,0.00,0.00,0.00,2.00,1438.00,1351.00
1844505072,2016-05-07,0.00,0.00,0.00,0.00,0.00,0.00,0.00,0.00,0.00,0.00,0.00,1440.00,1347.00
1844505072,2016-05-08,0.00,0.00,0.00,0.00,0.00,0.00,0.00,0.00,0.00,0.00,0.00,1440.00,1347.00
1844505072,2016-05-09,0.00,0.00,0.00,0.00,0.00,0.00,0.00,0.00,0.00,0.00,0.00,1440.00,1347.00
1844505072,2016-05-10,0.00,0.00,0.00,0.00,0.00,0.00,0.00,0.00,0.00,0.00,0.00,1440.00,1347.00
1844505072,2016-05-11,0.00,0.00,0.00,0.00,0.00,0.00,0.00,0.00,0.00,0.00,0.00,1440.00,1347.00
1844505072,2016-05-12,0.00,0.00,0.00,0.00,0.00,0.00,0.00,0.00,0.00,0.00,0.00,711.00,665.00
1927972279,2016-04-12,678.00,0.47,0.47,0.00,0.00,0.00,0.47,0.00,0.00,0.00,55.00,734.00,2220.00
1927972279,2016-04-13,356.00,0.25,0.25,0.00,0.00,0.00,0.25,0.00,0.00,0.00,32.00,986.00,2151.00
1927972279,2016-04-14,2163.00,1.50,1.50,0.00,0.00,0.40,1.10,0.00,0.00,9.00,88.00,1292.00,2383.00
1927972279,2016-04-15,980.00,0.68,0.68,0.00,0.00,0.00,0.68,0.00,0.00,0.00,51.00,941.00,2221.00
1927972279,2016-04-16,0.00,0.00,0.00,0.00,0.00,0.00,0.00,0.00,0.00,0.00,0.00,1440.00,2064.00
1927972279,2016-04-17,0.00,0.00,0.00,0.00,0.00,0.00,0.00,0.00,0.00,0.00,0.00,1440.00,2063.00
1927972279,2016-04-18,244.00,0.17,0.17,0.00,0.00,0.00,0.17,0.00,0.00,0.00,17.00,1423.00,2111.00
1927972279,2016-04-19,0.00,0.00,0.00,0.00,0.00,0.00,0.00,0.00,0.00,0.00,0.00,1440.00,2063.00
1927972279,2016-04-20,0.00,0.00,0.00,0.00,0.00,0.00,0.00,0.00,0.00,0.00,0.00,1440.00,2063.00
1927972279,2016-04-21,0.00,0.00,0.00,0.00,0.00,0.00,0.00,0.00,0.00,0.00,0.00,1440.00,2064.00
1927972279,2016-04-22,149.00,0.10,0.10,0.00,0.00,0.00,0.10,0.00,0.00,0.00,10.00,1430.00,2093.00
1927972279,2016-04-23,2945.00,2.04,2.04,0.00,0.00,0.00,2.04,0.00,0.00,0.00,145.00,1295.00,2499.00
1927972279,2016-04-24,2090.00,1.45,1.45,0.00,0.07,0.24,1.14,0.00,1.00,6.00,75.00,1358.00,2324.00
1927972279,2016-04-25,152.00,0.11,0.11,0.00,0.00,0.00,0.11,0.00,0.00,0.00,12.00,1303.00,2100.00
1927972279,2016-04-26,3761.00,2.60,2.60,0.00,0.00,0.00,2.60,0.00,0.00,0.00,192.00,1058.00,2638.00
1927972279,2016-04-27,0.00,0.00,0.00,0.00,0.00,0.00,0.00,0.00,0.00,0.00,0.00,1440.00,2063.00
1927972279,2016-04-28,1675.00,1.16,1.16,0.00,0.00,0.00,1.16,0.00,0.00,0.00,95.00,1167.00,2351.00
1927972279,2016-04-29,0.00,0.00,0.00,0.00,0.00,0.00,0.00,0.00,0.00,0.00,0.00,1440.00,2063.00
1927972279,2016-04-30,0.00,0.00,0.00,0.00,0.00,0.00,0.00,0.00,0.00,0.00,0.00,1440.00,2064.00
1927972279,2016-05-01,2704.00,1.87,1.87,0.00,1.01,0.03,0.83,0.00,14.00,1.00,70.00,1355.00,2411.00
1927972279,2016-05-02,3790.00,2.62,2.62,0.00,1.16,0.30,1.16,0.00,16.00,8.00,94.00,1322.00,2505.00
1927972279,2016-05-03,1326.00,0.92,0.92,0.00,0.73,0.00,0.18,0.00,10.00,0.00,17.00,1413.00,2195.00
1927972279,2016-05-04,1786.00,1.24,1.24,0.00,0.00,0.00,1.24,0.00,0.00,0.00,87.00,1353.00,2338.00
1927972279,2016-05-05,0.00,0.00,0.00,0.00,0.00,0.00,0.00,0.00,0.00,0.00,0.00,1440.00,2063.00
1927972279,2016-05-06,2091.00,1.45,1.45,0.00,0.00,0.00,1.45,0.00,0.00,0.00,108.00,1332.00,2383.00
1927972279,2016-05-07,1510.00,1.04,1.04,0.00,0.00,0.00,1.04,0.00,0.00,0.00,48.00,1392.00,2229.00
1927972279,2016-05-08,0.00,0.00,0.00,0.00,0.00,0.00,0.00,0.00,0.00,0.00,0.00,1440.00,2063.00
1927972279,2016-05-09,0.00,0.00,0.00,0.00,0.00,0.00,0.00,0.00,0.00,0.00,0.00,1440.00,2063.00
1927972279,2016-05-10,0.00,0.00,0.00,0.00,0.00,0.00,0.00,0.00,0.00,0.00,0.00,1440.00,2063.00
1927972279,2016-05-11,0.00,0.00,0.00,0.00,0.00,0.00,0.00,0.00,0.00,0.00,0.00,1440.00,2063.00
1927972279,2016-05-12,0.00,0.00,0.00,0.00,0.00,0.00,0.00,0.00,0.00,0.00,0.00,966.00,1383.00
2022484408,2016-04-12,11875.00,8.34,8.34,0.00,3.31,0.77,4.26,0.00,42.00,14.00,227.00,1157.00,2390.00
2022484408,2016-04-13,12024.00,8.50,8.50,0.00,2.99,0.10,5.41,0.00,43.00,5.00,292.00,1100.00,2601.00
2022484408,2016-04-14,10690.00,7.50,7.50,0.00,2.48,0.21,4.82,0.00,32.00,3.00,257.00,1148.00,2312.00
2022484408,2016-04-15,11034.00,8.03,8.03,0.00,1.94,0.31,5.78,0.00,27.00,9.00,282.00,1122.00,2525.00
2022484408,2016-04-16,10100.00,7.09,7.09,0.00,3.15,0.55,3.39,0.00,41.00,11.00,151.00,1237.00,2177.00
2022484408,2016-04-17,15112.00,11.40,11.40,0.00,3.87,0.66,6.88,0.00,28.00,29.00,331.00,1052.00,2782.00
2022484408,2016-04-18,14131.00,10.07,10.07,0.00,3.64,0.12,6.30,0.00,48.00,3.00,311.00,1078.00,2770.00
2022484408,2016-04-19,11548.00,8.53,8.53,0.00,3.29,0.24,5.00,0.00,31.00,7.00,250.00,1152.00,2489.00
2022484408,2016-04-20,15112.00,10.67,10.67,0.00,3.34,1.93,5.40,0.00,48.00,63.00,276.00,1053.00,2897.00
2022484408,2016-04-21,12453.00,8.74,8.74,0.00,3.33,1.11,4.31,0.00,104.00,53.00,255.00,1028.00,3158.00
2022484408,2016-04-22,12954.00,9.33,9.33,0.00,4.43,0.42,4.47,0.00,52.00,10.00,273.00,1105.00,2638.00
2022484408,2016-04-23,6001.00,4.21,4.21,0.00,0.00,0.00,4.21,0.00,0.00,0.00,249.00,1191.00,2069.00
2022484408,2016-04-24,13481.00,10.28,10.28,0.00,4.55,1.15,4.58,0.00,37.00,26.00,216.00,1161.00,2529.00
2022484408,2016-04-25,11369.00,8.01,8.01,0.00,3.33,0.22,4.46,0.00,44.00,8.00,217.00,1171.00,2470.00
2022484408,2016-04-26,10119.00,7.19,7.19,0.00,1.43,0.66,5.11,0.00,55.00,24.00,275.00,1086.00,2793.00
2022484408,2016-04-27,10159.00,7.13,7.13,0.00,1.04,0.97,5.12,0.00,19.00,20.00,282.00,1119.00,2463.00
2022484408,2016-04-28,10140.00,7.12,7.12,0.00,0.41,1.33,5.39,0.00,6.00,20.00,291.00,1123.00,2296.00
2022484408,2016-04-29,10245.00,7.19,7.19,0.00,0.48,1.21,5.50,0.00,21.00,40.00,281.00,1098.00,2611.00
2022484408,2016-04-30,18387.00,12.91,12.91,0.00,0.94,1.40,10.57,0.00,13.00,23.00,361.00,1043.00,2732.00
2022484408,2016-05-01,10538.00,7.40,7.40,0.00,1.94,0.96,4.50,0.00,25.00,28.00,245.00,1142.00,2380.00
2022484408,2016-05-02,10379.00,7.29,7.29,0.00,2.61,0.34,4.33,0.00,36.00,8.00,277.00,1119.00,2473.00
2022484408,2016-05-03,12183.00,8.74,8.74,0.00,3.99,0.46,4.28,0.00,72.00,14.00,250.00,1104.00,2752.00
2022484408,2016-05-04,11768.00,8.29,8.29,0.00,2.51,0.93,4.85,0.00,36.00,27.00,272.00,1105.00,2649.00
2022484408,2016-05-05,11895.00,8.35,8.35,0.00,2.79,0.86,4.70,0.00,55.00,20.00,253.00,1112.00,2609.00
2022484408,2016-05-06,10227.00,7.18,7.18,0.00,1.87,0.67,4.64,0.00,24.00,17.00,295.00,1104.00,2498.00
2022484408,2016-05-07,6708.00,4.71,4.71,0.00,1.61,0.08,3.02,0.00,20.00,2.00,149.00,1269.00,1995.00
2022484408,2016-05-08,3292.00,2.31,2.31,0.00,0.00,0.00,2.31,0.00,0.00,0.00,135.00,1305.00,1848.00
2022484408,2016-05-09,13379.00,9.39,9.39,0.00,2.12,1.63,5.64,0.00,35.00,47.00,297.00,1061.00,2709.00
2022484408,2016-05-10,12798.00,8.98,8.98,0.00,2.22,1.21,5.56,0.00,57.00,28.00,271.00,1084.00,2797.00
2022484408,2016-05-11,13272.00,9.32,9.32,0.00,4.18,1.15,3.99,0.00,58.00,25.00,224.00,1133.00,2544.00
2022484408,2016-05-12,9117.00,6.41,6.41,0.00,1.28,0.67,4.44,0.00,16.00,16.00,236.00,728.00,1853.00
2026352035,2016-04-12,4414.00,2.74,2.74,0.00,0.19,0.35,2.20,0.00,3.00,8.00,181.00,706.00,1459.00
2026352035,2016-04-13,4993.00,3.10,3.10,0.00,0.00,0.00,3.10,0.00,0.00,0.00,238.00,663.00,1521.00
2026352035,2016-04-14,3335.00,2.07,2.07,0.00,0.00,0.00,2.05,0.00,0.00,0.00,197.00,653.00,1431.00
2026352035,2016-04-15,3821.00,2.37,2.37,0.00,0.00,0.00,2.37,0.00,0.00,0.00,188.00,687.00,1444.00
2026352035,2016-04-16,2547.00,1.58,1.58,0.00,0.00,0.00,1.58,0.00,0.00,0.00,150.00,728.00,1373.00
2026352035,2016-04-17,838.00,0.52,0.52,0.00,0.00,0.00,0.52,0.00,0.00,0.00,60.00,1053.00,1214.00
2026352035,2016-04-18,3325.00,2.06,2.06,0.00,0.00,0.00,2.06,0.00,0.00,0.00,182.00,1062.00,1419.00
2026352035,2016-04-19,2424.00,1.50,1.50,0.00,0.00,0.00,1.50,0.00,0.00,0.00,141.00,785.00,1356.00
2026352035,2016-04-20,7222.00,4.48,4.48,0.00,0.00,0.00,4.48,0.00,0.00,0.00,327.00,623.00,1667.00
2026352035,2016-04-21,2467.00,1.53,1.53,0.00,0.00,0.00,1.53,0.00,0.00,0.00,153.00,749.00,1370.00
2026352035,2016-04-22,2915.00,1.81,1.81,0.00,0.00,0.00,1.81,0.00,0.00,0.00,162.00,712.00,1399.00
2026352035,2016-04-23,12357.00,7.71,7.71,0.00,0.00,0.00,7.71,0.00,0.00,0.00,432.00,458.00,1916.00
2026352035,2016-04-24,3490.00,2.16,2.16,0.00,0.00,0.00,2.16,0.00,0.00,0.00,164.00,704.00,1401.00
2026352035,2016-04-25,6017.00,3.73,3.73,0.00,0.00,0.00,3.73,0.00,0.00,0.00,260.00,821.00,1576.00
2026352035,2016-04-26,5933.00,3.68,3.68,0.00,0.00,0.00,3.68,0.00,0.00,0.00,288.00,1018.00,1595.00
2026352035,2016-04-27,6088.00,3.77,3.77,0.00,0.00,0.00,3.77,0.00,0.00,0.00,286.00,586.00,1593.00
2026352035,2016-04-28,6375.00,3.95,3.95,0.00,0.00,0.00,3.95,0.00,0.00,0.00,331.00,626.00,1649.00
2026352035,2016-04-29,7604.00,4.71,4.71,0.00,0.00,0.00,4.71,0.00,0.00,0.00,352.00,492.00,1692.00
2026352035,2016-04-30,4729.00,2.93,2.93,0.00,0.00,0.00,2.93,0.00,0.00,0.00,233.00,594.00,1506.00
2026352035,2016-05-01,3609.00,2.28,2.28,0.00,0.00,0.00,2.28,0.00,0.00,0.00,191.00,716.00,1447.00
2026352035,2016-05-02,7018.00,4.35,4.35,0.00,0.00,0.00,4.35,0.00,0.00,0.00,355.00,716.00,1690.00
2026352035,2016-05-03,5992.00,3.72,3.72,0.00,0.00,0.00,3.72,0.00,0.00,0.00,304.00,981.00,1604.00
2026352035,2016-05-04,6564.00,4.07,4.07,0.00,0.00,0.00,4.07,0.00,0.00,0.00,345.00,530.00,1658.00
2026352035,2016-05-05,12167.00,7.54,7.54,0.00,0.00,0.00,7.54,0.00,0.00,0.00,475.00,479.00,1926.00
2026352035,2016-05-06,8198.00,5.08,5.08,0.00,0.00,0.00,5.08,0.00,0.00,0.00,383.00,511.00,1736.00
2026352035,2016-05-07,4193.00,2.60,2.60,0.00,0.00,0.00,2.60,0.00,0.00,0.00,229.00,665.00,1491.00
2026352035,2016-05-08,5528.00,3.45,3.45,0.00,0.00,0.00,3.45,0.00,0.00,0.00,258.00,610.00,1555.00
2026352035,2016-05-09,10685.00,6.62,6.62,0.00,0.00,0.00,6.60,0.00,0.00,0.00,401.00,543.00,1869.00
2026352035,2016-05-10,254.00,0.16,0.16,0.00,0.00,0.00,0.16,0.00,0.00,0.00,17.00,1002.00,1141.00
2026352035,2016-05-11,8580.00,5.32,5.32,0.00,0.00,0.00,5.32,0.00,0.00,0.00,330.00,569.00,1698.00
2026352035,2016-05-12,8891.00,5.51,5.51,0.00,0.00,0.00,5.51,0.00,0.00,0.00,343.00,330.00,1364.00
2320127002,2016-04-12,10725.00,7.49,7.49,0.00,1.17,0.31,6.01,0.00,13.00,9.00,306.00,1112.00,2124.00
2320127002,2016-04-13,7275.00,4.90,4.90,0.00,0.00,0.00,4.90,0.00,0.00,0.00,335.00,1105.00,2003.00
2320127002,2016-04-14,3973.00,2.68,2.68,0.00,0.00,0.00,2.68,0.00,0.00,0.00,191.00,1249.00,1696.00
2320127002,2016-04-15,5205.00,3.51,3.51,0.00,0.00,0.00,3.51,0.00,0.00,0.00,245.00,1195.00,1801.00
2320127002,2016-04-16,5057.00,3.41,3.41,0.00,0.00,0.00,3.40,0.00,0.00,0.00,195.00,1245.00,1724.00
2320127002,2016-04-17,6198.00,4.18,4.18,0.00,0.00,0.00,4.18,0.00,0.00,0.00,249.00,1191.00,1852.00
2320127002,2016-04-18,6559.00,4.42,4.42,0.00,0.00,0.26,4.14,0.00,0.00,7.00,260.00,1173.00,1905.00
2320127002,2016-04-19,5997.00,4.04,4.04,0.00,0.00,0.38,3.66,0.00,0.00,11.00,228.00,1201.00,1811.00
2320127002,2016-04-20,7192.00,4.85,4.85,0.00,0.00,0.49,4.34,0.00,0.00,11.00,283.00,1146.00,1922.00
2320127002,2016-04-21,3404.00,2.29,2.29,0.00,0.06,0.42,1.81,0.00,1.00,10.00,127.00,1302.00,1610.00
2320127002,2016-04-22,5583.00,3.76,3.76,0.00,0.00,0.00,3.76,0.00,0.00,0.00,266.00,1174.00,1851.00
2320127002,2016-04-23,5079.00,3.42,3.42,0.00,0.00,0.00,3.42,0.00,0.00,0.00,242.00,1129.00,1804.00
2320127002,2016-04-24,4165.00,2.81,2.81,0.00,0.00,0.00,2.80,0.00,0.00,0.00,204.00,1236.00,1725.00
2320127002,2016-04-25,3588.00,2.42,2.42,0.00,0.23,0.20,1.99,0.00,3.00,5.00,152.00,1280.00,1654.00
2320127002,2016-04-26,3409.00,2.30,2.30,0.00,0.00,0.00,2.30,0.00,0.00,0.00,147.00,1293.00,1632.00
2320127002,2016-04-27,1715.00,1.16,1.16,0.00,0.00,0.00,1.16,0.00,0.00,0.00,82.00,1358.00,1481.00
2320127002,2016-04-28,1532.00,1.03,1.03,0.00,0.00,0.00,1.03,0.00,0.00,0.00,76.00,1364.00,1473.00
2320127002,2016-04-29,924.00,0.62,0.62,0.00,0.00,0.00,0.62,0.00,0.00,0.00,45.00,1395.00,1410.00
2320127002,2016-04-30,4571.00,3.08,3.08,0.00,0.00,0.00,3.07,0.00,0.00,0.00,234.00,1206.00,1779.00
2320127002,2016-05-01,772.00,0.52,0.52,0.00,0.00,0.00,0.52,0.00,0.00,0.00,40.00,1400.00,1403.00
2320127002,2016-05-02,3634.00,2.45,2.45,0.00,0.36,0.21,1.88,0.00,5.00,6.00,123.00,1306.00,1613.00
2320127002,2016-05-03,7443.00,5.02,5.02,0.00,1.49,0.37,3.16,0.00,20.00,10.00,206.00,1204.00,1878.00
2320127002,2016-05-04,1201.00,0.81,0.81,0.00,0.00,0.00,0.81,0.00,0.00,0.00,52.00,1388.00,1426.00
2320127002,2016-05-05,5202.00,3.51,3.51,0.00,0.00,0.39,3.11,0.00,0.00,11.00,223.00,1206.00,1780.00
2320127002,2016-05-06,4878.00,3.29,3.29,0.00,0.00,0.00,3.29,0.00,0.00,0.00,204.00,1236.00,1742.00
2320127002,2016-05-07,7379.00,4.97,4.97,0.00,0.00,0.00,4.97,0.00,0.00,0.00,319.00,1121.00,1972.00
2320127002,2016-05-08,5161.00,3.48,3.48,0.00,0.00,0.00,3.47,0.00,0.00,0.00,247.00,1193.00,1821.00
2320127002,2016-05-09,3090.00,2.08,2.08,0.00,0.00,0.00,2.08,0.00,0.00,0.00,145.00,1295.00,1630.00
2320127002,2016-05-10,6227.00,4.20,4.20,0.00,0.00,0.00,4.20,0.00,0.00,0.00,290.00,1150.00,1899.00
2320127002,2016-05-11,6424.00,4.33,4.33,0.00,0.00,0.00,4.33,0.00,0.00,0.00,300.00,1140.00,1903.00
2320127002,2016-05-12,2661.00,1.79,1.79,0.00,0.00,0.00,1.79,0.00,0.00,0.00,128.00,830.00,1125.00
2347167796,2016-04-12,10113.00,6.83,6.83,0.00,2.00,0.62,4.20,0.00,28.00,13.00,320.00,964.00,2344.00
2347167796,2016-04-13,10352.00,7.01,7.01,0.00,1.66,1.94,3.41,0.00,19.00,32.00,195.00,676.00,2038.00
2347167796,2016-04-14,10129.00,6.70,6.70,0.00,0.02,2.74,3.94,0.00,1.00,48.00,206.00,705.00,2010.00
2347167796,2016-04-15,10465.00,6.92,6.92,0.00,0.07,1.42,5.43,0.00,1.00,24.00,284.00,720.00,2133.00
2347167796,2016-04-16,22244.00,15.08,15.08,0.00,5.45,4.10,5.53,0.00,66.00,72.00,268.00,968.00,2670.00
2347167796,2016-04-17,5472.00,3.62,3.62,0.00,0.08,0.28,3.26,0.00,1.00,7.00,249.00,508.00,1882.00
2347167796,2016-04-18,8247.00,5.45,5.45,0.00,0.79,0.86,3.79,0.00,11.00,16.00,206.00,678.00,1944.00
2347167796,2016-04-19,6711.00,4.44,4.44,0.00,0.00,0.00,4.44,0.00,0.00,7.00,382.00,648.00,2346.00
2347167796,2016-04-20,10999.00,7.27,7.27,0.00,0.68,1.81,4.78,0.00,11.00,43.00,269.00,1011.00,2198.00
2347167796,2016-04-21,10080.00,6.75,6.75,0.00,1.85,1.53,3.38,0.00,23.00,26.00,208.00,761.00,2048.00
2347167796,2016-04-22,7804.00,5.16,5.16,0.00,0.56,1.68,2.92,0.00,9.00,27.00,206.00,781.00,1946.00
2347167796,2016-04-23,16901.00,11.37,11.37,0.00,2.78,1.45,7.15,0.00,32.00,35.00,360.00,591.00,2629.00
2347167796,2016-04-24,9471.00,6.26,6.26,0.00,0.00,0.00,6.26,0.00,0.00,0.00,360.00,584.00,2187.00
2347167796,2016-04-25,9482.00,6.38,6.38,0.00,1.27,0.52,4.60,0.00,15.00,11.00,277.00,653.00,2095.00
2347167796,2016-04-26,5980.00,3.95,3.95,0.00,0.00,0.00,3.95,0.00,0.00,0.00,227.00,732.00,1861.00
2347167796,2016-04-27,11423.00,7.58,7.58,0.00,1.86,0.40,5.32,0.00,26.00,9.00,295.00,623.00,2194.00
2347167796,2016-04-28,5439.00,3.60,3.60,0.00,0.00,0.00,3.60,0.00,0.00,0.00,229.00,764.00,1854.00
2347167796,2016-04-29,42.00,0.03,0.03,0.00,0.00,0.00,0.03,0.00,0.00,0.00,4.00,2.00,403.00
2873212765,2016-04-12,8796.00,5.91,5.91,0.00,0.11,0.93,4.88,0.00,2.00,21.00,356.00,1061.00,1982.00
2873212765,2016-04-13,7618.00,5.12,5.12,0.00,0.00,0.22,4.88,0.02,0.00,8.00,404.00,1028.00,2004.00
2873212765,2016-04-14,7910.00,5.32,5.32,0.00,0.00,0.00,5.32,0.00,0.00,0.00,331.00,1109.00,1893.00
2873212765,2016-04-15,8482.00,5.70,5.70,0.00,0.00,0.00,5.69,0.01,0.00,0.00,448.00,992.00,2063.00
2873212765,2016-04-16,9685.00,6.65,6.65,0.00,3.11,0.02,3.51,0.01,47.00,1.00,305.00,1087.00,2148.00
2873212765,2016-04-17,2524.00,1.70,1.70,0.00,0.00,0.35,1.34,0.00,0.00,8.00,160.00,1272.00,1529.00
2873212765,2016-04-18,7762.00,5.24,5.24,0.00,0.07,0.28,4.89,0.00,1.00,6.00,311.00,1122.00,1890.00
2873212765,2016-04-19,7948.00,5.37,5.37,0.00,0.00,0.00,5.36,0.00,0.00,0.00,389.00,1051.00,1956.00
2873212765,2016-04-20,9202.00,6.30,6.30,0.00,1.51,0.12,4.66,0.01,22.00,5.00,378.00,1035.00,2094.00
2873212765,2016-04-21,8859.00,5.98,5.98,0.00,0.13,0.37,5.47,0.01,2.00,10.00,371.00,1057.00,1970.00
2873212765,2016-04-22,7286.00,4.90,4.90,0.00,0.46,0.00,4.42,0.02,46.00,0.00,366.00,1028.00,2241.00
2873212765,2016-04-23,9317.00,6.35,6.35,0.00,2.09,0.23,4.02,0.01,28.00,5.00,330.00,1077.00,2021.00
2873212765,2016-04-24,6873.00,4.68,4.68,0.00,3.00,0.06,1.62,0.00,46.00,1.00,190.00,1203.00,1898.00
2873212765,2016-04-25,7373.00,4.95,4.95,0.00,0.00,0.00,4.95,0.00,0.00,0.00,359.00,1081.00,1907.00
2873212765,2016-04-26,8242.00,5.54,5.54,0.00,0.12,0.18,5.24,0.00,2.00,5.00,309.00,1124.00,1882.00
2873212765,2016-04-27,3516.00,2.36,2.36,0.00,0.00,0.00,2.36,0.00,46.00,0.00,197.00,1197.00,1966.00
2873212765,2016-04-28,7913.00,5.41,5.41,0.00,2.16,0.34,2.91,0.00,28.00,7.00,213.00,1192.00,1835.00
2873212765,2016-04-29,7365.00,4.95,4.95,0.00,1.36,1.41,2.18,0.00,20.00,23.00,206.00,1191.00,1780.00
2873212765,2016-04-30,8452.00,5.68,5.68,0.00,0.33,1.08,4.26,0.01,5.00,20.00,248.00,1167.00,1830.00
2873212765,2016-05-01,7399.00,4.97,4.97,0.00,0.49,1.04,3.44,0.00,7.00,18.00,196.00,1219.00,1739.00
2873212765,2016-05-02,7525.00,5.06,5.06,0.00,0.00,0.21,4.83,0.02,0.00,7.00,334.00,1099.00,1878.00
2873212765,2016-05-03,7412.00,4.98,4.98,0.00,0.06,0.25,4.66,0.01,1.00,6.00,363.00,1070.00,1906.00
2873212765,2016-05-04,8278.00,5.56,5.56,0.00,0.00,0.00,5.56,0.00,0.00,0.00,420.00,1020.00,2015.00
2873212765,2016-05-05,8314.00,5.61,5.61,0.00,0.78,0.80,4.03,0.00,13.00,23.00,311.00,1093.00,1971.00
2873212765,2016-05-06,7063.00,4.75,4.75,0.00,0.00,0.12,4.61,0.01,0.00,5.00,370.00,1065.00,1910.00
2873212765,2016-05-07,4940.00,3.38,3.38,0.00,2.28,0.55,0.55,0.00,75.00,11.00,52.00,1302.00,1897.00
2873212765,2016-05-08,8168.00,5.54,5.54,0.00,2.90,0.00,2.64,0.00,46.00,0.00,326.00,1068.00,2096.00
2873212765,2016-05-09,7726.00,5.19,5.19,0.00,0.00,0.00,5.19,0.00,0.00,0.00,345.00,1095.00,1906.00
2873212765,2016-05-10,8275.00,5.56,5.56,0.00,0.00,0.00,5.55,0.01,0.00,0.00,373.00,1067.00,1962.00
2873212765,2016-05-11,6440.00,4.33,4.33,0.00,0.00,0.00,4.32,0.01,0.00,0.00,319.00,1121.00,1826.00
2873212765,2016-05-12,7566.00,5.11,5.11,0.00,0.00,0.00,5.11,0.00,0.00,0.00,268.00,720.00,1431.00
3372868164,2016-04-12,4747.00,3.24,3.24,0.00,0.00,0.00,3.23,0.01,0.00,0.00,280.00,1160.00,1788.00
3372868164,2016-04-13,9715.00,6.63,6.63,0.00,0.99,0.34,5.27,0.02,16.00,8.00,371.00,1045.00,2093.00
3372868164,2016-04-14,8844.00,6.03,6.03,0.00,0.34,1.03,4.65,0.01,6.00,25.00,370.00,1039.00,2065.00
3372868164,2016-04-15,7451.00,5.08,5.08,0.00,0.00,0.00,5.06,0.02,0.00,0.00,335.00,1105.00,1908.00
3372868164,2016-04-16,6905.00,4.73,4.73,0.00,0.00,0.00,4.70,0.03,0.00,0.00,356.00,1084.00,1908.00
3372868164,2016-04-17,8199.00,5.88,5.88,0.00,1.41,0.10,4.36,0.01,11.00,2.00,322.00,1105.00,1964.00
3372868164,2016-04-18,6798.00,4.64,4.64,0.00,1.08,0.20,3.35,0.00,20.00,7.00,343.00,1070.00,2014.00
3372868164,2016-04-19,7711.00,5.26,5.26,0.00,0.00,0.00,5.24,0.02,0.00,0.00,376.00,1064.00,1985.00
3372868164,2016-04-20,4880.00,3.33,3.33,0.00,0.84,0.09,2.38,0.02,15.00,3.00,274.00,1148.00,1867.00
3372868164,2016-04-21,8857.00,6.07,6.07,0.00,1.15,0.26,4.64,0.01,18.00,9.00,376.00,1037.00,2124.00
3372868164,2016-04-22,3843.00,2.62,2.62,0.00,0.00,0.00,2.61,0.01,0.00,0.00,206.00,1234.00,1669.00
3372868164,2016-04-23,7396.00,5.07,5.07,0.00,1.40,0.08,3.58,0.00,20.00,2.00,303.00,1115.00,1995.00
3372868164,2016-04-24,6731.00,4.59,4.59,0.00,0.89,0.19,3.49,0.02,14.00,7.00,292.00,1127.00,1921.00
3372868164,2016-04-25,5995.00,4.09,4.09,0.00,0.00,0.00,4.09,0.00,0.00,0.00,416.00,1024.00,2010.00
3372868164,2016-04-26,8283.00,5.79,5.79,0.00,1.85,0.05,3.87,0.01,22.00,2.00,333.00,1083.00,2057.00
3372868164,2016-04-27,7904.00,5.42,5.42,0.00,1.58,0.63,3.19,0.01,24.00,13.00,346.00,1057.00,2095.00
3372868164,2016-04-28,5512.00,3.76,3.76,0.00,0.00,0.00,3.76,0.00,0.00,0.00,385.00,1055.00,1972.00
3372868164,2016-04-29,9135.00,6.23,6.23,0.00,0.00,0.00,6.22,0.01,0.00,0.00,402.00,1038.00,2044.00
3372868164,2016-04-30,5250.00,3.58,3.58,0.00,1.06,0.09,2.42,0.01,17.00,4.00,300.00,1119.00,1946.00
3372868164,2016-05-01,3077.00,2.10,2.10,0.00,0.00,0.00,2.09,0.00,0.00,0.00,172.00,842.00,1237.00
3977333714,2016-04-12,8856.00,5.98,5.98,0.00,3.06,0.91,2.01,0.00,44.00,19.00,131.00,777.00,1450.00
3977333714,2016-04-13,10035.00,6.71,6.71,0.00,2.03,2.13,2.55,0.00,31.00,46.00,153.00,754.00,1495.00
3977333714,2016-04-14,7641.00,5.11,5.11,0.00,0.32,0.97,3.82,0.00,5.00,23.00,214.00,801.00,1433.00
3977333714,2016-04-15,9010.00,6.06,6.06,0.00,1.05,1.75,3.26,0.00,15.00,42.00,183.00,644.00,1468.00
3977333714,2016-04-16,13459.00,9.00,9.00,0.00,2.03,4.00,2.97,0.00,31.00,83.00,153.00,663.00,1625.00
3977333714,2016-04-17,10415.00,6.97,6.97,0.00,0.70,2.35,3.92,0.00,11.00,58.00,205.00,600.00,1529.00
3977333714,2016-04-18,11663.00,7.80,7.80,0.00,0.25,3.73,3.82,0.00,4.00,95.00,214.00,605.00,1584.00
3977333714,2016-04-19,12414.00,8.78,8.78,0.00,2.24,2.45,3.96,0.00,19.00,67.00,221.00,738.00,1638.00
3977333714,2016-04-20,11658.00,7.83,7.83,0.00,0.20,4.35,3.28,0.00,2.00,98.00,164.00,845.00,1554.00
3977333714,2016-04-21,6093.00,4.08,4.08,0.00,0.00,0.00,4.06,0.00,0.00,0.00,242.00,712.00,1397.00
3977333714,2016-04-22,8911.00,5.96,5.96,0.00,2.33,0.58,3.06,0.00,33.00,12.00,188.00,731.00,1481.00
3977333714,2016-04-23,12058.00,8.07,8.07,0.00,0.00,4.22,3.85,0.00,0.00,92.00,252.00,724.00,1638.00
3977333714,2016-04-24,14112.00,10.00,10.00,0.00,3.27,4.56,2.17,0.00,30.00,95.00,129.00,660.00,1655.00
3977333714,2016-04-25,11177.00,8.48,8.48,0.00,5.62,0.43,2.41,0.00,50.00,9.00,133.00,781.00,1570.00
3977333714,2016-04-26,11388.00,7.62,7.62,0.00,0.45,4.22,2.95,0.00,7.00,95.00,170.00,797.00,1551.00
3977333714,2016-04-27,7193.00,5.04,5.04,0.00,0.00,0.42,4.62,0.00,0.00,10.00,176.00,714.00,1377.00
3977333714,2016-04-28,7114.00,4.88,4.88,0.00,1.37,0.29,3.22,0.00,15.00,8.00,190.00,804.00,1407.00
3977333714,2016-04-29,10645.00,7.75,7.75,0.00,3.74,1.30,2.71,0.00,36.00,32.00,150.00,744.00,1545.00
3977333714,2016-04-30,13238.00,9.20,9.20,0.00,3.69,2.10,3.41,0.00,43.00,52.00,194.00,687.00,1650.00
3977333714,2016-05-01,10414.00,7.07,7.07,0.00,2.67,1.98,2.41,0.00,41.00,40.00,124.00,691.00,1501.00
3977333714,2016-05-02,16520.00,11.05,11.05,0.00,1.54,6.48,3.02,0.00,24.00,143.00,176.00,713.00,1760.00
3977333714,2016-05-03,14335.00,9.59,9.59,0.00,3.32,1.74,4.53,0.00,47.00,41.00,258.00,594.00,1710.00
3977333714,2016-05-04,13559.00,9.44,9.44,0.00,1.81,4.58,2.89,0.00,14.00,96.00,142.00,852.00,1628.00
3977333714,2016-05-05,12312.00,8.58,8.58,0.00,1.76,4.11,2.71,0.00,14.00,88.00,178.00,680.00,1618.00
3977333714,2016-05-06,11677.00,8.28,8.28,0.00,3.11,2.51,2.67,0.00,29.00,55.00,168.00,676.00,1590.00
3977333714,2016-05-07,11550.00,7.73,7.73,0.00,0.00,4.13,3.59,0.00,0.00,86.00,208.00,703.00,1574.00
3977333714,2016-05-08,13585.00,9.09,9.09,0.00,0.68,5.24,3.17,0.00,9.00,116.00,171.00,688.00,1633.00
3977333714,2016-05-09,14687.00,10.08,10.08,0.00,0.77,5.60,3.55,0.00,8.00,122.00,151.00,1159.00,1667.00
3977333714,2016-05-10,13072.00,8.78,8.78,0.00,0.07,5.40,3.31,0.00,1.00,115.00,196.00,676.00,1630.00
3977333714,2016-05-11,746.00,0.50,0.50,0.00,0.37,0.00,0.13,0.00,4.00,0.00,9.00,13.00,52.00
4020332650,2016-04-12,8539.00,6.12,6.12,0.00,0.15,0.24,5.68,0.00,4.00,15.00,331.00,712.00,3654.00
4020332650,2016-04-13,0.00,0.00,0.00,0.00,0.00,0.00,0.00,0.00,0.00,0.00,0.00,1440.00,1981.00
4020332650,2016-04-14,108.00,0.08,0.08,0.00,0.00,0.00,0.03,0.00,0.00,0.00,3.00,1437.00,2011.00
4020332650,2016-04-15,1882.00,1.35,1.35,0.00,0.21,0.36,0.77,0.00,36.00,18.00,87.00,1299.00,2951.00
4020332650,2016-04-16,1982.00,1.42,1.42,0.00,0.45,0.37,0.59,0.00,65.00,21.00,55.00,1222.00,3051.00
4020332650,2016-04-17,16.00,0.01,0.01,0.00,0.00,0.00,0.01,0.00,0.00,0.00,2.00,1438.00,1990.00
4020332650,2016-04-18,62.00,0.04,0.04,0.00,0.00,0.00,0.04,0.00,0.00,0.00,2.00,1438.00,1995.00
4020332650,2016-04-19,0.00,0.00,0.00,0.00,0.00,0.00,0.00,0.00,0.00,0.00,0.00,1440.00,1980.00
4020332650,2016-04-20,0.00,0.00,0.00,0.00,0.00,0.00,0.00,0.00,0.00,0.00,0.00,1440.00,1980.00
4020332650,2016-04-21,0.00,0.00,0.00,0.00,0.00,0.00,0.00,0.00,0.00,0.00,0.00,1440.00,1980.00
4020332650,2016-04-22,0.00,0.00,0.00,0.00,0.00,0.00,0.00,0.00,0.00,0.00,0.00,1440.00,1980.00
4020332650,2016-04-23,0.00,0.00,0.00,0.00,0.00,0.00,0.00,0.00,0.00,0.00,0.00,1440.00,1980.00
4020332650,2016-04-24,0.00,0.00,0.00,0.00,0.00,0.00,0.00,0.00,0.00,0.00,0.00,1440.00,1980.00
4020332650,2016-04-25,0.00,0.00,0.00,0.00,0.00,0.00,0.00,0.00,0.00,0.00,0.00,1440.00,1980.00
4020332650,2016-04-26,0.00,0.00,0.00,0.00,0.00,0.00,0.00,0.00,0.00,0.00,0.00,1440.00,1980.00
4020332650,2016-04-27,0.00,0.00,0.00,0.00,0.00,0.00,0.00,0.00,0.00,0.00,0.00,1440.00,1980.00
4020332650,2016-04-28,0.00,0.00,0.00,0.00,0.00,0.00,0.00,0.00,0.00,0.00,0.00,1440.00,1980.00
4020332650,2016-04-29,0.00,0.00,0.00,0.00,0.00,0.00,0.00,0.00,0.00,0.00,0.00,1440.00,1980.00
4020332650,2016-04-30,0.00,0.00,0.00,0.00,0.00,0.00,0.00,0.00,0.00,0.00,0.00,1440.00,1980.00
4020332650,2016-05-01,0.00,0.00,0.00,0.00,0.00,0.00,0.00,0.00,0.00,0.00,0.00,1440.00,1980.00
4020332650,2016-05-02,475.00,0.34,0.34,0.00,0.00,0.04,0.29,0.00,0.00,11.00,31.00,1350.00,2207.00
4020332650,2016-05-03,4496.00,3.22,3.22,0.00,0.00,0.00,3.15,0.05,0.00,0.00,174.00,950.00,2828.00
4020332650,2016-05-04,10252.00,7.35,7.35,0.00,0.67,1.04,5.58,0.00,13.00,46.00,346.00,531.00,3879.00
4020332650,2016-05-05,11728.00,8.43,8.43,0.00,2.62,1.68,4.04,0.07,38.00,42.00,196.00,916.00,3429.00
4020332650,2016-05-06,4369.00,3.13,3.13,0.00,0.00,0.00,3.10,0.01,0.00,0.00,177.00,855.00,2704.00
4020332650,2016-05-07,6132.00,4.40,4.40,0.00,0.00,0.00,3.58,0.00,0.00,0.00,184.00,1256.00,2975.00
4020332650,2016-05-08,5862.00,4.20,4.20,0.00,0.00,0.00,4.15,0.00,0.00,0.00,263.00,775.00,3089.00
4020332650,2016-05-09,4556.00,3.27,3.27,0.00,0.20,0.12,2.94,0.00,3.00,5.00,173.00,1225.00,2785.00
4020332650,2016-05-10,5546.00,3.98,3.98,0.00,0.00,0.00,3.87,0.04,0.00,0.00,206.00,774.00,2926.00
4020332650,2016-05-11,3689.00,2.65,2.65,0.00,0.11,0.17,2.33,0.00,2.00,8.00,134.00,1296.00,2645.00
4020332650,2016-05-12,590.00,0.42,0.42,0.00,0.00,0.00,0.41,0.00,0.00,0.00,21.00,721.00,1120.00
4057192912,2016-04-12,5394.00,4.03,4.03,0.00,0.00,0.00,3.94,0.00,0.00,0.00,164.00,1276.00,2286.00
4057192912,2016-04-13,5974.00,4.47,4.47,0.00,0.00,0.00,4.37,0.00,0.00,0.00,160.00,1280.00,2306.00
4057192912,2016-04-14,0.00,0.00,0.00,0.00,0.00,0.00,0.00,0.00,0.00,0.00,0.00,1440.00,1776.00
4057192912,2016-04-15,3984.00,2.95,2.95,0.00,0.21,0.26,2.44,0.00,3.00,6.00,88.00,873.00,1527.00
4319703577,2016-04-12,7753.00,5.20,5.20,0.00,0.00,0.00,0.00,0.00,0.00,0.00,0.00,1440.00,2115.00
4319703577,2016-04-13,8204.00,5.50,5.50,0.00,0.53,0.59,1.31,0.00,8.00,15.00,96.00,1234.00,2135.00
4319703577,2016-04-14,10210.00,6.88,6.88,0.00,0.11,0.33,6.44,0.00,1.00,9.00,339.00,589.00,2302.00
4319703577,2016-04-15,5664.00,3.80,3.80,0.00,0.00,0.00,3.80,0.00,0.00,0.00,228.00,752.00,1985.00
4319703577,2016-04-16,4744.00,3.18,3.18,0.00,0.00,0.00,3.18,0.00,0.00,0.00,194.00,724.00,1884.00
4319703577,2016-04-17,29.00,0.02,0.02,0.00,0.00,0.00,0.02,0.00,0.00,0.00,3.00,1363.00,1464.00
4319703577,2016-04-18,2276.00,1.55,1.55,0.00,0.07,0.33,1.12,0.00,1.00,9.00,58.00,824.00,1632.00
4319703577,2016-04-19,8925.00,5.99,5.99,0.00,0.00,0.00,5.99,0.00,0.00,0.00,311.00,604.00,2200.00
4319703577,2016-04-20,8954.00,6.01,6.01,0.00,0.00,0.68,5.31,0.00,0.00,18.00,306.00,671.00,2220.00
4319703577,2016-04-21,3702.00,2.48,2.48,0.00,0.00,0.00,0.35,0.00,0.00,0.00,34.00,1265.00,1792.00
4319703577,2016-04-22,4500.00,3.02,3.02,0.00,0.06,0.81,2.15,0.00,1.00,19.00,176.00,709.00,1886.00
4319703577,2016-04-23,4935.00,3.31,3.31,0.00,0.00,0.00,3.31,0.00,0.00,0.00,233.00,546.00,1945.00
4319703577,2016-04-24,4081.00,2.74,2.74,0.00,0.06,0.20,2.47,0.00,1.00,5.00,191.00,692.00,1880.00
4319703577,2016-04-25,9259.00,6.21,6.21,0.00,0.00,0.28,5.93,0.00,0.00,8.00,390.00,544.00,2314.00
4319703577,2016-04-26,9899.00,6.64,6.64,0.00,0.57,0.92,5.15,0.00,8.00,21.00,288.00,649.00,2236.00
4319703577,2016-04-27,10780.00,7.23,7.23,0.00,0.41,1.92,4.91,0.00,6.00,47.00,300.00,680.00,2324.00
4319703577,2016-04-28,10817.00,7.28,7.28,0.00,1.01,0.33,5.94,0.00,13.00,8.00,359.00,552.00,2367.00
4319703577,2016-04-29,7990.00,5.36,5.36,0.00,0.45,0.79,4.12,0.00,6.00,18.00,289.00,624.00,2175.00
4319703577,2016-04-30,8221.00,5.52,5.52,0.00,0.40,1.61,3.51,0.00,6.00,38.00,196.00,695.00,2092.00
4319703577,2016-05-01,1251.00,0.84,0.84,0.00,0.00,0.00,0.84,0.00,0.00,0.00,67.00,836.00,1593.00
4319703577,2016-05-02,9261.00,6.24,6.24,0.00,0.00,0.44,5.71,0.00,0.00,11.00,344.00,585.00,2270.00
4319703577,2016-05-03,9648.00,6.47,6.47,0.00,0.58,1.07,4.83,0.00,8.00,26.00,287.00,669.00,2235.00
4319703577,2016-05-04,10429.00,7.02,7.02,0.00,0.59,0.58,5.85,0.00,8.00,13.00,313.00,1106.00,2282.00
4319703577,2016-05-05,13658.00,9.49,9.49,0.00,2.63,1.41,5.45,0.00,27.00,34.00,328.00,957.00,2530.00
4319703577,2016-05-06,9524.00,6.42,6.42,0.00,0.41,0.47,5.46,0.00,6.00,11.00,314.00,692.00,2266.00
4319703577,2016-05-07,7937.00,5.33,5.33,0.00,0.19,1.05,4.08,0.00,3.00,28.00,279.00,586.00,2158.00
4319703577,2016-05-08,3672.00,2.46,2.46,0.00,0.00,0.00,2.46,0.00,0.00,0.00,153.00,603.00,1792.00
4319703577,2016-05-09,10378.00,6.96,6.96,0.00,0.14,0.56,6.25,0.00,2.00,14.00,374.00,490.00,2345.00
4319703577,2016-05-10,9487.00,6.37,6.37,0.00,0.21,0.46,5.70,0.00,3.00,12.00,329.00,555.00,2260.00
4319703577,2016-05-11,9129.00,6.13,6.13,0.00,0.20,0.74,5.18,0.00,3.00,18.00,311.00,574.00,2232.00
4319703577,2016-05-12,17.00,0.01,0.01,0.00,0.00,0.00,0.01,0.00,0.00,0.00,2.00,0.00,257.00
4388161847,2016-04-12,10122.00,7.78,7.78,0.00,0.00,0.00,0.00,0.00,0.00,0.00,0.00,1440.00,2955.00
4388161847,2016-04-13,10993.00,8.45,8.45,0.00,0.06,0.63,3.88,0.00,1.00,14.00,150.00,1275.00,3092.00
4388161847,2016-04-14,8863.00,6.82,6.82,0.00,0.13,1.07,5.62,0.00,10.00,35.00,219.00,945.00,2998.00
4388161847,2016-04-15,8758.00,6.73,6.73,0.00,0.00,0.00,6.73,0.00,0.00,0.00,299.00,837.00,3066.00
4388161847,2016-04-16,6580.00,5.06,5.06,0.00,0.21,0.40,4.45,0.00,6.00,9.00,253.00,609.00,3073.00
4388161847,2016-04-17,4660.00,3.58,3.58,0.00,0.00,0.00,3.58,0.00,0.00,0.00,201.00,721.00,2572.00
4388161847,2016-04-18,11009.00,9.10,9.10,0.00,3.56,0.40,5.14,0.00,27.00,8.00,239.00,1017.00,3274.00
4388161847,2016-04-19,10181.00,7.83,7.83,0.00,1.37,0.69,5.77,0.00,20.00,16.00,249.00,704.00,3015.00
4388161847,2016-04-20,10553.00,8.12,8.12,0.00,1.10,1.72,5.29,0.00,19.00,42.00,228.00,696.00,3083.00
4388161847,2016-04-21,10055.00,7.73,7.73,0.00,0.37,0.39,6.98,0.00,7.00,12.00,272.00,853.00,3069.00
4388161847,2016-04-22,12139.00,9.34,9.34,0.00,3.30,1.11,4.92,0.00,77.00,25.00,220.00,945.00,3544.00
4388161847,2016-04-23,13236.00,10.18,10.18,0.00,4.50,0.32,5.35,0.00,58.00,5.00,215.00,749.00,3306.00
4388161847,2016-04-24,10243.00,7.88,7.88,0.00,1.08,0.51,6.30,0.00,14.00,8.00,239.00,584.00,2885.00
4388161847,2016-04-25,12961.00,9.97,9.97,0.00,0.73,1.40,7.84,0.00,11.00,31.00,301.00,1054.00,3288.00
4388161847,2016-04-26,9461.00,7.28,7.28,0.00,0.94,1.06,5.27,0.00,14.00,23.00,224.00,673.00,2929.00
4388161847,2016-04-27,11193.00,8.61,8.61,0.00,0.70,2.51,5.39,0.00,11.00,48.00,241.00,684.00,3074.00
4388161847,2016-04-28,10074.00,7.75,7.75,0.00,1.29,0.43,6.03,0.00,19.00,9.00,234.00,878.00,2969.00
4388161847,2016-04-29,9232.00,7.10,7.10,0.00,0.80,0.89,5.42,0.00,13.00,16.00,236.00,1175.00,2979.00
4388161847,2016-04-30,12533.00,9.64,9.64,0.00,0.70,2.00,6.94,0.00,14.00,43.00,300.00,537.00,3283.00
4388161847,2016-05-01,10255.00,7.89,7.89,0.00,1.01,0.68,6.20,0.00,12.00,15.00,241.00,579.00,2926.00
4388161847,2016-05-02,10096.00,8.40,8.40,0.00,3.77,0.08,4.55,0.00,33.00,4.00,204.00,935.00,3147.00
4388161847,2016-05-03,12727.00,9.79,9.79,0.00,1.13,0.78,7.88,0.00,18.00,18.00,306.00,984.00,3290.00
4388161847,2016-05-04,12375.00,9.52,9.52,0.00,2.79,0.93,5.80,0.00,35.00,21.00,251.00,632.00,3162.00
4388161847,2016-05-05,9603.00,7.38,7.38,0.00,0.63,1.67,5.09,0.00,12.00,39.00,199.00,896.00,2899.00
4388161847,2016-05-06,13175.00,10.13,10.13,0.00,2.11,2.09,5.93,0.00,33.00,45.00,262.00,1100.00,3425.00
4388161847,2016-05-07,22770.00,17.54,17.54,0.00,9.45,2.77,5.33,0.00,120.00,56.00,260.00,508.00,4022.00
4388161847,2016-05-08,17298.00,14.38,14.38,0.00,9.89,1.26,3.23,0.00,107.00,38.00,178.00,576.00,3934.00
4388161847,2016-05-09,10218.00,7.86,7.86,0.00,0.34,0.73,6.79,0.00,6.00,19.00,258.00,1020.00,3013.00
4388161847,2016-05-10,10299.00,7.92,7.92,0.00,0.81,0.65,6.46,0.00,13.00,14.00,267.00,648.00,3061.00
4388161847,2016-05-11,10201.00,7.84,7.84,0.00,0.53,0.79,6.53,0.00,8.00,18.00,256.00,858.00,2954.00
4388161847,2016-05-12,3369.00,2.59,2.59,0.00,0.00,0.00,2.59,0.00,0.00,0.00,108.00,825.00,1623.00
4445114986,2016-04-12,3276.00,2.20,2.20,0.00,0.00,0.00,2.20,0.00,0.00,0.00,196.00,787.00,2113.00
4445114986,2016-04-13,2961.00,1.99,1.99,0.00,0.00,0.00,1.99,0.00,0.00,0.00,194.00,840.00,2095.00
4445114986,2016-04-14,3974.00,2.67,2.67,0.00,0.00,0.00,2.67,0.00,0.00,0.00,231.00,717.00,2194.00
4445114986,2016-04-15,7198.00,4.83,4.83,0.00,0.00,0.00,4.83,0.00,0.00,0.00,350.00,711.00,2496.00
4445114986,2016-04-16,3945.00,2.65,2.65,0.00,0.00,0.00,2.65,0.00,0.00,0.00,225.00,716.00,2180.00
4445114986,2016-04-17,2268.00,1.52,1.52,0.00,0.00,0.00,1.52,0.00,0.00,0.00,114.00,1219.00,1933.00
4445114986,2016-04-18,6155.00,4.24,4.24,0.00,2.00,0.29,1.95,0.00,25.00,6.00,162.00,1247.00,2248.00
4445114986,2016-04-19,2064.00,1.39,1.39,0.00,0.00,0.00,1.39,0.00,0.00,0.00,121.00,895.00,1954.00
4445114986,2016-04-20,2072.00,1.39,1.39,0.00,0.00,0.00,1.39,0.00,0.00,0.00,137.00,841.00,1974.00
4445114986,2016-04-21,3809.00,2.56,2.56,0.00,0.00,0.00,2.54,0.00,0.00,0.00,215.00,756.00,2150.00
4445114986,2016-04-22,6831.00,4.58,4.58,0.00,0.00,0.00,4.58,0.00,0.00,0.00,317.00,706.00,2432.00
4445114986,2016-04-23,4363.00,2.93,2.93,0.00,0.00,0.00,2.93,0.00,0.00,0.00,201.00,1239.00,2149.00
4445114986,2016-04-24,5002.00,3.36,3.36,0.00,0.00,0.00,3.36,0.00,0.00,0.00,244.00,1196.00,2247.00
4445114986,2016-04-25,3385.00,2.27,2.27,0.00,0.00,0.00,2.27,0.00,0.00,0.00,179.00,916.00,2070.00
4445114986,2016-04-26,6326.00,4.41,4.41,0.00,2.41,0.04,1.96,0.00,29.00,1.00,180.00,839.00,2291.00
4445114986,2016-04-27,7243.00,5.03,5.03,0.00,2.62,0.03,2.38,0.00,32.00,1.00,194.00,839.00,2361.00
4445114986,2016-04-28,4493.00,3.01,3.01,0.00,0.00,0.00,3.01,0.00,0.00,0.00,236.00,762.00,2203.00
4445114986,2016-04-29,4676.00,3.14,3.14,0.00,0.00,0.00,3.13,0.00,0.00,0.00,226.00,1106.00,2196.00
4445114986,2016-04-30,6222.00,4.18,4.18,0.00,0.00,0.00,4.18,0.00,0.00,0.00,290.00,797.00,2363.00
4445114986,2016-05-01,5232.00,3.51,3.51,0.00,0.00,0.00,3.51,0.00,0.00,0.00,240.00,741.00,2246.00
4445114986,2016-05-02,6910.00,4.75,4.75,0.00,2.21,0.19,2.35,0.00,27.00,4.00,200.00,667.00,2336.00
4445114986,2016-05-03,7502.00,5.18,5.18,0.00,2.48,0.11,2.58,0.00,30.00,2.00,233.00,725.00,2421.00
4445114986,2016-05-04,2923.00,1.96,1.96,0.00,0.00,0.00,1.96,0.00,0.00,0.00,180.00,897.00,2070.00
4445114986,2016-05-05,3800.00,2.55,2.55,0.00,0.12,0.24,2.18,0.00,2.00,6.00,185.00,734.00,2120.00
4445114986,2016-05-06,4514.00,3.03,3.03,0.00,0.00,0.00,3.03,0.00,0.00,0.00,229.00,809.00,2211.00
4445114986,2016-05-07,5183.00,3.59,3.59,0.00,2.13,0.19,1.25,0.00,26.00,4.00,108.00,866.00,2123.00
4445114986,2016-05-08,7303.00,4.90,4.90,0.00,0.00,0.25,4.65,0.00,0.00,8.00,308.00,733.00,2423.00
4445114986,2016-05-09,5275.00,3.54,3.54,0.00,0.00,0.00,3.54,0.00,0.00,0.00,266.00,641.00,2281.00
4445114986,2016-05-10,3915.00,2.63,2.63,0.00,0.00,0.00,2.63,0.00,0.00,0.00,231.00,783.00,2181.00
4445114986,2016-05-11,9105.00,6.11,6.11,0.00,2.25,1.00,2.86,0.00,34.00,22.00,232.00,622.00,2499.00
4445114986,2016-05-12,768.00,0.52,0.52,0.00,0.00,0.00,0.52,0.00,0.00,0.00,58.00,380.00,1212.00
4558609924,2016-04-12,5135.00,3.39,3.39,0.00,0.00,0.00,3.39,0.00,0.00,0.00,318.00,1122.00,1909.00
4558609924,2016-04-13,4978.00,3.29,3.29,0.00,1.24,0.44,1.61,0.00,19.00,7.00,127.00,1287.00,1722.00
4558609924,2016-04-14,6799.00,4.49,4.49,0.00,0.00,0.00,4.49,0.00,0.00,0.00,279.00,1161.00,1922.00
4558609924,2016-04-15,7795.00,5.15,5.15,0.00,0.59,0.84,3.73,0.00,17.00,30.00,262.00,1131.00,2121.00
4558609924,2016-04-16,7289.00,4.82,4.82,0.00,0.55,0.75,3.50,0.00,8.00,12.00,308.00,1112.00,1997.00
4558609924,2016-04-17,9634.00,6.40,6.40,0.00,0.55,1.14,4.71,0.00,7.00,19.00,304.00,1110.00,2117.00
4558609924,2016-04-18,8940.00,5.91,5.91,0.00,0.98,0.93,4.00,0.00,14.00,15.00,331.00,1080.00,2116.00
4558609924,2016-04-19,5401.00,3.57,3.57,0.00,0.05,0.36,3.16,0.00,1.00,9.00,248.00,1182.00,1876.00
4558609924,2016-04-20,4803.00,3.17,3.17,0.00,0.00,0.00,3.17,0.00,0.00,0.00,222.00,1218.00,1788.00
4558609924,2016-04-21,13743.00,9.08,9.08,0.00,0.42,0.97,7.70,0.00,6.00,21.00,432.00,844.00,2486.00
4558609924,2016-04-22,9601.00,6.35,6.35,0.00,1.37,1.50,3.47,0.00,20.00,25.00,273.00,1122.00,2094.00
4558609924,2016-04-23,6890.00,4.55,4.55,0.00,0.34,0.20,4.01,0.00,5.00,5.00,308.00,1122.00,2085.00
4558609924,2016-04-24,8563.00,5.66,5.66,0.00,0.00,0.00,5.65,0.00,0.00,0.00,395.00,1045.00,2173.00
4558609924,2016-04-25,8095.00,5.35,5.35,0.00,0.59,0.25,4.51,0.00,18.00,10.00,340.00,993.00,2225.00
4558609924,2016-04-26,9148.00,6.05,6.05,0.00,0.43,2.03,3.59,0.00,12.00,41.00,283.00,1062.00,2223.00
4558609924,2016-04-27,9557.00,6.32,6.32,0.00,1.96,0.89,3.46,0.00,27.00,14.00,312.00,1087.00,2098.00
4558609924,2016-04-28,9451.00,6.25,6.25,0.00,0.02,0.27,5.95,0.00,1.00,11.00,367.00,985.00,2185.00
4558609924,2016-04-29,7833.00,5.18,5.18,0.00,1.02,1.85,2.31,0.00,15.00,29.00,197.00,1096.00,1918.00
4558609924,2016-04-30,10319.00,6.82,6.82,0.00,0.47,1.89,4.46,0.00,7.00,29.00,293.00,1111.00,2105.00
4558609924,2016-05-01,3428.00,2.27,2.27,0.00,0.00,0.00,2.27,0.00,0.00,0.00,190.00,1121.00,1692.00
4558609924,2016-05-02,7891.00,5.22,5.22,0.00,0.00,0.00,5.22,0.00,0.00,0.00,383.00,1057.00,2066.00
4558609924,2016-05-03,5267.00,3.48,3.48,0.00,0.60,0.28,2.60,0.00,21.00,10.00,237.00,1172.00,1953.00
4558609924,2016-05-04,5232.00,3.46,3.46,0.00,0.00,0.00,3.46,0.00,0.00,0.00,252.00,1188.00,1842.00
4558609924,2016-05-05,10611.00,7.01,7.01,0.00,1.01,0.50,5.51,0.00,14.00,8.00,370.00,1048.00,2262.00
4558609924,2016-05-06,3755.00,2.48,2.48,0.00,0.00,0.00,2.48,0.00,0.00,0.00,202.00,1238.00,1722.00
4558609924,2016-05-07,8237.00,5.44,5.44,0.00,1.61,1.00,2.83,0.00,23.00,16.00,233.00,1116.00,1973.00
4558609924,2016-05-08,6543.00,4.33,4.33,0.00,1.80,0.50,2.02,0.00,66.00,35.00,238.00,1019.00,2666.00
4558609924,2016-05-09,11451.00,7.57,7.57,0.00,0.43,1.62,5.52,0.00,6.00,30.00,339.00,1065.00,2223.00
4558609924,2016-05-10,6435.00,4.25,4.25,0.00,0.74,1.12,2.39,0.00,11.00,18.00,220.00,1191.00,1889.00
4558609924,2016-05-11,9108.00,6.02,6.02,0.00,0.26,1.82,3.94,0.00,4.00,31.00,324.00,1081.00,2131.00
4558609924,2016-05-12,6307.00,4.17,4.17,0.00,0.00,0.00,4.17,0.00,0.00,0.00,247.00,736.00,1452.00
4702921684,2016-04-12,7213.00,5.88,5.88,0.00,0.00,0.00,5.85,0.00,0.00,0.00,263.00,718.00,2947.00
4702921684,2016-04-13,6877.00,5.58,5.58,0.00,0.00,0.00,5.58,0.00,0.00,0.00,258.00,777.00,2898.00
4702921684,2016-04-14,7860.00,6.37,6.37,0.00,0.00,0.00,6.37,0.00,0.00,0.00,271.00,772.00,2984.00
4702921684,2016-04-15,6506.00,5.28,5.28,0.00,0.07,0.42,4.79,0.00,1.00,8.00,256.00,944.00,2896.00
4702921684,2016-04-16,11140.00,9.03,9.03,0.00,0.24,1.25,7.54,0.00,3.00,24.00,335.00,556.00,3328.00
4702921684,2016-04-17,12692.00,10.29,10.29,0.00,0.96,3.46,5.88,0.00,12.00,66.00,302.00,437.00,3394.00
4702921684,2016-04-18,9105.00,7.38,7.38,0.00,1.82,1.49,4.07,0.00,22.00,30.00,191.00,890.00,3013.00
4702921684,2016-04-19,6708.00,5.44,5.44,0.00,0.88,0.37,4.19,0.00,10.00,8.00,179.00,757.00,2812.00
4702921684,2016-04-20,8793.00,7.13,7.13,0.00,0.16,1.23,5.73,0.00,2.00,29.00,260.00,717.00,3061.00
4702921684,2016-04-21,6530.00,5.30,5.30,0.00,0.31,2.05,2.94,0.00,4.00,41.00,144.00,901.00,2729.00
4702921684,2016-04-22,1664.00,1.35,1.35,0.00,0.00,0.00,1.35,0.00,0.00,0.00,72.00,1341.00,2241.00
4702921684,2016-04-23,15126.00,12.27,12.27,0.00,0.76,3.24,8.27,0.00,9.00,66.00,408.00,469.00,3691.00
4702921684,2016-04-24,15050.00,12.22,12.22,0.00,1.20,5.12,5.88,0.00,15.00,95.00,281.00,542.00,3538.00
4702921684,2016-04-25,9167.00,7.43,7.43,0.00,0.49,0.82,6.11,0.00,6.00,15.00,270.00,730.00,3064.00
4702921684,2016-04-26,6108.00,4.95,4.95,0.00,0.07,0.35,4.54,0.00,1.00,8.00,216.00,765.00,2784.00
4702921684,2016-04-27,7047.00,5.72,5.72,0.00,0.09,0.80,4.78,0.00,1.00,16.00,238.00,733.00,2908.00
4702921684,2016-04-28,9023.00,7.32,7.32,0.00,1.13,0.42,5.77,0.00,14.00,9.00,232.00,738.00,3033.00
4702921684,2016-04-29,9930.00,8.05,8.05,0.00,1.06,0.92,6.07,0.00,12.00,19.00,267.00,692.00,3165.00
4702921684,2016-04-30,10144.00,8.23,8.23,0.00,0.32,2.03,5.88,0.00,4.00,36.00,263.00,728.00,3115.00
4702921684,2016-05-01,0.00,0.00,0.00,0.00,0.00,0.00,0.00,0.00,0.00,0.00,0.00,1440.00,2017.00
4702921684,2016-05-02,7245.00,5.92,5.92,0.00,0.38,1.74,3.76,0.00,5.00,40.00,195.00,1131.00,2859.00
4702921684,2016-05-03,9454.00,7.67,7.67,0.00,0.00,0.00,7.67,0.00,0.00,0.00,313.00,729.00,3145.00
4702921684,2016-05-04,8161.00,6.62,6.62,0.00,0.34,0.73,5.54,0.00,4.00,15.00,251.00,757.00,3004.00
4702921684,2016-05-05,8614.00,6.99,6.99,0.00,0.67,0.22,6.09,0.00,8.00,5.00,241.00,745.00,3006.00
4702921684,2016-05-06,6943.00,5.63,5.63,0.00,0.08,0.66,4.87,0.00,1.00,16.00,207.00,682.00,2859.00
4702921684,2016-05-07,14370.00,11.65,11.65,0.00,0.37,2.31,8.97,0.00,5.00,46.00,439.00,577.00,3683.00
4702921684,2016-05-08,12857.00,10.43,10.43,0.00,0.68,6.21,3.54,0.00,9.00,125.00,192.00,1019.00,3287.00
4702921684,2016-05-09,8232.00,6.68,6.68,0.00,0.00,0.57,6.10,0.00,0.00,12.00,253.00,746.00,2990.00
4702921684,2016-05-10,10613.00,8.61,8.61,0.00,0.08,1.88,6.65,0.00,1.00,37.00,262.00,701.00,3172.00
4702921684,2016-05-11,9810.00,7.96,7.96,0.00,0.78,2.16,4.98,0.00,10.00,41.00,235.00,784.00,3069.00
4702921684,2016-05-12,2752.00,2.23,2.23,0.00,0.00,0.00,2.23,0.00,0.00,0.00,68.00,241.00,1240.00
5553957443,2016-04-12,11596.00,7.57,7.57,0.00,1.37,0.79,5.41,0.00,19.00,13.00,277.00,767.00,2026.00
5553957443,2016-04-13,4832.00,3.16,3.16,0.00,0.00,0.00,3.16,0.00,0.00,0.00,226.00,647.00,1718.00
5553957443,2016-04-14,17022.00,11.12,11.12,0.00,4.00,2.45,4.67,0.00,61.00,41.00,256.00,693.00,2324.00
5553957443,2016-04-15,16556.00,10.86,10.86,0.00,4.16,1.98,4.71,0.00,58.00,38.00,239.00,689.00,2254.00
5553957443,2016-04-16,5771.00,3.77,3.77,0.00,0.00,0.00,3.77,0.00,0.00,0.00,288.00,521.00,1831.00
5553957443,2016-04-17,655.00,0.43,0.43,0.00,0.00,0.00,0.43,0.00,0.00,0.00,46.00,943.00,1397.00
5553957443,2016-04-18,3727.00,2.43,2.43,0.00,0.00,0.00,2.43,0.00,0.00,0.00,206.00,622.00,1683.00
5553957443,2016-04-19,15482.00,10.11,10.11,0.00,4.28,1.66,4.18,0.00,69.00,28.00,249.00,756.00,2284.00
5553957443,2016-04-20,2713.00,1.77,1.77,0.00,0.00,0.00,1.77,0.00,0.00,0.00,148.00,598.00,1570.00
5553957443,2016-04-21,12346.00,8.06,8.06,0.00,2.95,2.16,2.96,0.00,47.00,42.00,177.00,801.00,2066.00
5553957443,2016-04-22,11682.00,7.63,7.63,0.00,1.38,0.63,5.60,0.00,25.00,16.00,270.00,781.00,2105.00
5553957443,2016-04-23,4112.00,2.69,2.69,0.00,0.00,0.00,2.68,0.00,0.00,0.00,272.00,443.00,1776.00
5553957443,2016-04-24,1807.00,1.18,1.18,0.00,0.00,0.00,1.18,0.00,0.00,0.00,104.00,582.00,1507.00
5553957443,2016-04-25,10946.00,7.19,7.19,0.00,2.93,0.57,3.69,0.00,51.00,11.00,201.00,732.00,2033.00
5553957443,2016-04-26,11886.00,7.76,7.76,0.00,2.37,0.93,4.46,0.00,40.00,18.00,238.00,750.00,2093.00
5553957443,2016-04-27,10538.00,6.88,6.88,0.00,1.14,1.00,4.74,0.00,16.00,16.00,206.00,745.00,1922.00
5553957443,2016-04-28,11393.00,7.63,7.63,0.00,3.71,0.75,3.17,0.00,49.00,13.00,165.00,727.00,1999.00
5553957443,2016-04-29,12764.00,8.33,8.33,0.00,2.79,0.64,4.91,0.00,46.00,15.00,270.00,709.00,2169.00
5553957443,2016-04-30,1202.00,0.78,0.78,0.00,0.00,0.00,0.78,0.00,0.00,0.00,84.00,506.00,1463.00
5553957443,2016-05-01,5164.00,3.37,3.37,0.00,0.00,0.00,3.37,0.00,0.00,0.00,237.00,436.00,1747.00
5553957443,2016-05-02,9769.00,6.38,6.38,0.00,1.06,0.41,4.90,0.00,23.00,9.00,227.00,724.00,1996.00
5553957443,2016-05-03,12848.00,8.39,8.39,0.00,1.50,1.20,5.68,0.00,26.00,29.00,247.00,812.00,2116.00
5553957443,2016-05-04,4249.00,2.77,2.77,0.00,0.00,0.00,2.77,0.00,0.00,0.00,224.00,651.00,1698.00
5553957443,2016-05-05,14331.00,9.51,9.51,0.00,3.43,1.66,4.43,0.00,44.00,29.00,241.00,692.00,2156.00
5553957443,2016-05-06,9632.00,6.29,6.29,0.00,1.52,0.54,4.23,0.00,21.00,9.00,229.00,761.00,1916.00
5553957443,2016-05-07,1868.00,1.22,1.22,0.00,0.00,0.00,1.22,0.00,0.00,0.00,96.00,902.00,1494.00
5553957443,2016-05-08,6083.00,4.00,4.00,0.00,0.22,0.47,3.30,0.00,3.00,8.00,210.00,505.00,1762.00
5553957443,2016-05-09,11611.00,7.58,7.58,0.00,2.13,0.89,4.56,0.00,59.00,22.00,251.00,667.00,2272.00
5553957443,2016-05-10,16358.00,10.71,10.71,0.00,3.87,1.61,5.20,0.00,61.00,40.00,265.00,707.00,2335.00
5553957443,2016-05-11,4926.00,3.22,3.22,0.00,0.00,0.00,3.22,0.00,0.00,0.00,195.00,628.00,1693.00
5553957443,2016-05-12,3121.00,2.04,2.04,0.00,0.58,0.40,1.06,0.00,8.00,6.00,48.00,222.00,741.00
5577150313,2016-04-12,8135.00,6.08,6.08,0.00,3.60,0.38,2.10,0.00,86.00,16.00,140.00,728.00,3405.00
5577150313,2016-04-13,5077.00,3.79,3.79,0.00,0.32,0.22,3.25,0.00,15.00,11.00,144.00,776.00,2551.00
5577150313,2016-04-14,8596.00,6.42,6.42,0.00,3.33,0.31,2.78,0.00,118.00,30.00,176.00,662.00,4022.00
5577150313,2016-04-15,12087.00,9.08,9.08,0.00,3.92,1.60,3.56,0.00,115.00,54.00,199.00,695.00,4005.00
5577150313,2016-04-16,14269.00,10.66,10.66,0.00,6.64,1.28,2.73,0.00,184.00,56.00,158.00,472.00,4274.00
5577150313,2016-04-17,12231.00,9.14,9.14,0.00,5.98,0.83,2.32,0.00,200.00,37.00,159.00,525.00,4552.00
5577150313,2016-04-18,9893.00,7.39,7.39,0.00,4.86,0.72,1.82,0.00,114.00,32.00,130.00,623.00,3625.00
5577150313,2016-04-19,12574.00,9.42,9.42,0.00,7.02,0.64,1.76,0.00,108.00,23.00,111.00,733.00,3501.00
5577150313,2016-04-20,8330.00,6.22,6.22,0.00,4.12,0.34,1.76,0.00,87.00,16.00,113.00,773.00,3192.00
5577150313,2016-04-21,10830.00,8.09,8.09,0.00,3.65,1.66,2.78,0.00,110.00,74.00,175.00,670.00,4018.00
5577150313,2016-04-22,9172.00,6.85,6.85,0.00,2.42,0.79,3.30,0.00,62.00,30.00,200.00,823.00,3329.00
5577150313,2016-04-23,7638.00,5.71,5.71,0.00,1.21,0.36,4.14,0.00,24.00,24.00,223.00,627.00,3152.00
5577150313,2016-04-24,15764.00,11.78,11.78,0.00,7.65,2.15,1.98,0.00,210.00,65.00,141.00,425.00,4392.00
5577150313,2016-04-25,6393.00,4.78,4.78,0.00,1.35,0.67,2.76,0.00,61.00,38.00,214.00,743.00,3374.00
5577150313,2016-04-26,5325.00,3.98,3.98,0.00,0.85,0.65,2.47,0.00,38.00,32.00,181.00,759.00,3088.00
5577150313,2016-04-27,6805.00,5.14,5.14,0.00,1.81,0.40,2.93,0.00,63.00,16.00,190.00,773.00,3294.00
5577150313,2016-04-28,9841.00,7.43,7.43,0.00,3.25,1.17,3.01,0.00,99.00,51.00,141.00,692.00,3580.00
5577150313,2016-04-29,7924.00,5.92,5.92,0.00,2.84,0.61,2.47,0.00,97.00,36.00,165.00,739.00,3544.00
5577150313,2016-04-30,12363.00,9.24,9.24,0.00,5.83,0.79,2.61,0.00,207.00,45.00,163.00,621.00,4501.00
5577150313,2016-05-01,13368.00,9.99,9.99,0.00,5.31,1.44,3.24,0.00,194.00,72.00,178.00,499.00,4546.00
5577150313,2016-05-02,7439.00,5.56,5.56,0.00,1.12,0.35,4.07,0.00,37.00,20.00,235.00,732.00,3014.00
5577150313,2016-05-03,11045.00,8.25,8.25,0.00,4.52,0.15,3.57,0.00,97.00,8.00,212.00,580.00,3795.00
5577150313,2016-05-04,5206.00,3.89,3.89,0.00,1.56,0.25,2.08,0.00,25.00,9.00,141.00,631.00,2755.00
5577150313,2016-05-05,7550.00,5.64,5.64,0.00,2.50,0.47,2.67,0.00,45.00,21.00,143.00,1153.00,3004.00
5577150313,2016-05-06,4950.00,3.70,3.70,0.00,1.93,0.32,1.45,0.00,41.00,16.00,79.00,1304.00,2643.00
5577150313,2016-05-07,0.00,0.00,0.00,0.00,0.00,0.00,0.00,0.00,0.00,0.00,0.00,1440.00,1819.00
5577150313,2016-05-08,0.00,0.00,0.00,0.00,0.00,0.00,0.00,0.00,0.00,0.00,0.00,1440.00,1819.00
5577150313,2016-05-09,3421.00,2.56,2.56,0.00,1.43,0.14,0.99,0.00,34.00,11.00,70.00,1099.00,2489.00
5577150313,2016-05-10,8869.00,6.65,6.65,0.00,2.56,0.75,3.35,0.00,104.00,37.00,194.00,639.00,3841.00
5577150313,2016-05-11,4038.00,3.04,3.04,0.00,1.83,0.30,0.89,0.00,45.00,15.00,63.00,257.00,1665.00
6117666160,2016-04-12,0.00,0.00,0.00,0.00,0.00,0.00,0.00,0.00,0.00,0.00,0.00,1440.00,1496.00
6117666160,2016-04-13,0.00,0.00,0.00,0.00,0.00,0.00,0.00,0.00,0.00,0.00,0.00,1440.00,1496.00
6117666160,2016-04-14,0.00,0.00,0.00,0.00,0.00,0.00,0.00,0.00,0.00,0.00,0.00,1440.00,1496.00
6117666160,2016-04-15,14019.00,10.59,10.59,0.00,0.00,0.28,10.30,0.00,0.00,6.00,513.00,921.00,2865.00
6117666160,2016-04-16,14450.00,10.91,10.91,0.00,0.58,0.85,9.48,0.00,7.00,15.00,518.00,502.00,2828.00
6117666160,2016-04-17,7150.00,5.40,5.40,0.00,0.00,0.00,5.40,0.00,0.00,0.00,312.00,702.00,2225.00
6117666160,2016-04-18,5153.00,3.91,3.91,0.00,0.00,0.00,3.89,0.00,0.00,0.00,241.00,759.00,2018.00
6117666160,2016-04-19,11135.00,8.41,8.41,0.00,0.00,0.00,8.41,0.00,0.00,0.00,480.00,425.00,2606.00
6117666160,2016-04-20,10449.00,8.02,8.02,0.00,2.03,0.48,5.52,0.00,26.00,10.00,349.00,587.00,2536.00
6117666160,2016-04-21,19542.00,15.01,15.01,0.00,0.98,0.40,5.62,0.00,11.00,19.00,294.00,579.00,4900.00
6117666160,2016-04-22,8206.00,6.20,6.20,0.00,0.00,0.00,6.20,0.00,0.00,0.00,402.00,413.00,2409.00
6117666160,2016-04-23,11495.00,8.68,8.68,0.00,0.00,0.00,8.68,0.00,0.00,0.00,512.00,468.00,2651.00
6117666160,2016-04-24,7623.00,5.76,5.76,0.00,0.00,0.00,5.76,0.00,0.00,0.00,362.00,711.00,2305.00
6117666160,2016-04-25,0.00,0.00,0.00,0.00,0.00,0.00,0.00,0.00,0.00,0.00,0.00,1440.00,1497.00
6117666160,2016-04-26,9543.00,7.21,7.21,0.00,0.00,0.34,6.87,0.00,0.00,7.00,352.00,1077.00,2450.00
6117666160,2016-04-27,9411.00,7.11,7.11,0.00,0.00,0.00,7.11,0.00,0.00,0.00,458.00,417.00,2576.00
6117666160,2016-04-28,3403.00,2.60,2.60,0.00,0.00,0.00,2.60,0.00,0.00,0.00,141.00,758.00,1879.00
6117666160,2016-04-29,9592.00,7.24,7.24,0.00,0.00,0.00,7.24,0.00,0.00,0.00,461.00,479.00,2560.00
6117666160,2016-04-30,6987.00,5.28,5.28,0.00,0.00,0.00,5.28,0.00,0.00,0.00,343.00,1040.00,2275.00
6117666160,2016-05-01,8915.00,6.73,6.73,0.00,0.00,0.00,6.73,0.00,0.00,0.00,397.00,525.00,2361.00
6117666160,2016-05-02,4933.00,3.73,3.73,0.00,0.00,0.00,3.73,0.00,0.00,0.00,236.00,1204.00,2044.00
6117666160,2016-05-03,0.00,0.00,0.00,0.00,0.00,0.00,0.00,0.00,0.00,0.00,0.00,1440.00,1496.00
6117666160,2016-05-04,2997.00,2.26,2.26,0.00,0.00,0.00,2.26,0.00,0.00,0.00,156.00,1279.00,1902.00
6117666160,2016-05-05,9799.00,7.40,7.40,0.00,0.00,0.00,7.40,0.00,0.00,0.00,487.00,479.00,2636.00
6117666160,2016-05-06,3365.00,2.68,2.68,0.00,0.00,0.00,2.68,0.00,0.00,0.00,133.00,673.00,1838.00
6117666160,2016-05-07,7336.00,5.54,5.54,0.00,0.00,0.00,5.54,0.00,0.00,0.00,412.00,456.00,2469.00
6117666160,2016-05-08,7328.00,5.53,5.53,0.00,0.00,0.00,5.53,0.00,0.00,0.00,318.00,517.00,2250.00
6117666160,2016-05-09,4477.00,3.38,3.38,0.00,0.00,0.00,3.38,0.00,0.00,0.00,197.00,125.00,1248.00
6290855005,2016-04-12,4562.00,3.45,3.45,0.00,0.00,0.00,3.45,0.00,0.00,0.00,199.00,1241.00,2560.00
6290855005,2016-04-13,7142.00,5.40,5.40,0.00,0.00,0.00,5.39,0.01,0.00,0.00,350.00,1090.00,2905.00
6290855005,2016-04-14,7671.00,5.80,5.80,0.00,0.00,0.00,5.77,0.03,0.00,0.00,363.00,1077.00,2952.00
6290855005,2016-04-15,9501.00,7.18,7.18,0.00,0.00,0.00,7.17,0.01,0.00,0.00,328.00,1112.00,2896.00
6290855005,2016-04-16,8301.00,6.28,6.28,0.00,0.00,0.00,6.27,0.01,0.00,0.00,258.00,1182.00,2783.00
6290855005,2016-04-17,7851.00,5.94,5.94,0.00,1.14,0.79,4.00,0.00,31.00,12.00,225.00,1172.00,3171.00
6290855005,2016-04-18,6885.00,5.21,5.21,0.00,0.00,0.00,5.19,0.02,0.00,0.00,271.00,1169.00,2766.00
6290855005,2016-04-19,7142.00,5.40,5.40,0.00,0.00,0.00,5.39,0.01,0.00,0.00,321.00,1119.00,2839.00
6290855005,2016-04-20,6361.00,4.81,4.81,0.00,0.00,0.00,4.80,0.01,0.00,0.00,258.00,1182.00,2701.00
6290855005,2016-04-21,0.00,0.00,0.00,0.00,0.00,0.00,0.00,0.00,0.00,0.00,0.00,1440.00,2060.00
6290855005,2016-04-22,6238.00,4.72,4.72,0.00,0.00,0.00,4.72,0.00,0.00,0.00,302.00,1138.00,2796.00
6290855005,2016-04-23,0.00,0.00,0.00,0.00,0.00,0.00,0.00,0.00,33.00,0.00,0.00,1407.00,2664.00
6290855005,2016-04-24,5896.00,4.46,4.46,0.00,0.00,0.00,4.46,0.00,0.00,0.00,258.00,1182.00,2703.00
6290855005,2016-04-25,7802.00,5.90,5.90,0.00,0.68,0.18,5.03,0.01,8.00,3.00,249.00,1180.00,2771.00
6290855005,2016-04-26,0.00,0.00,0.00,0.00,0.00,0.00,0.00,0.00,0.00,0.00,0.00,1440.00,2060.00
6290855005,2016-04-27,5565.00,4.21,4.21,0.00,0.00,0.00,4.18,0.03,0.00,0.00,287.00,1153.00,2743.00
6290855005,2016-04-28,5731.00,4.33,4.33,0.00,0.00,0.00,4.33,0.00,0.00,0.00,255.00,1185.00,2687.00
6290855005,2016-04-29,0.00,0.00,0.00,0.00,0.00,0.00,0.00,0.00,0.00,0.00,0.00,1440.00,2060.00
6290855005,2016-04-30,6744.00,5.10,5.10,0.00,0.00,0.00,5.09,0.01,0.00,0.00,324.00,1116.00,2843.00
6290855005,2016-05-01,9837.00,7.44,7.44,0.00,0.66,2.75,4.00,0.02,8.00,95.00,282.00,1055.00,3327.00
6290855005,2016-05-02,6781.00,5.13,5.13,0.00,0.00,0.00,5.11,0.02,0.00,0.00,268.00,1172.00,2725.00
6290855005,2016-05-03,6047.00,4.57,4.57,0.00,0.00,0.00,4.57,0.00,0.00,0.00,240.00,1200.00,2671.00
6290855005,2016-05-04,5832.00,4.41,4.41,0.00,0.00,0.00,4.40,0.01,0.00,0.00,272.00,1168.00,2718.00
6290855005,2016-05-05,6339.00,4.79,4.79,0.00,0.00,0.00,4.79,0.00,0.00,0.00,239.00,1201.00,2682.00
6290855005,2016-05-06,6116.00,4.62,4.62,0.00,0.00,0.00,4.59,0.03,0.00,0.00,305.00,1135.00,2806.00
6290855005,2016-05-07,5510.00,4.17,4.17,0.00,0.00,0.00,4.16,0.00,0.00,0.00,227.00,1213.00,2613.00
6290855005,2016-05-08,7706.00,5.83,5.83,0.00,0.00,0.00,5.82,0.00,0.00,0.00,251.00,1189.00,2712.00
6290855005,2016-05-09,6277.00,4.75,4.75,0.00,0.00,0.00,4.73,0.02,0.00,0.00,264.00,800.00,2175.00
6290855005,2016-05-10,0.00,0.00,0.00,0.00,0.00,0.00,0.00,0.00,0.00,0.00,0.00,1440.00,0.00
6775888955,2016-04-12,0.00,0.00,0.00,0.00,0.00,0.00,0.00,0.00,0.00,0.00,0.00,1440.00,1841.00
6775888955,2016-04-13,4053.00,2.91,2.91,0.00,1.11,0.58,1.22,0.00,17.00,18.00,85.00,1053.00,2400.00
6775888955,2016-04-14,5162.00,3.70,3.70,0.00,0.87,0.86,1.97,0.00,14.00,24.00,105.00,863.00,2507.00
6775888955,2016-04-15,1282.00,0.92,0.92,0.00,0.00,0.00,0.92,0.00,0.00,0.00,58.00,976.00,2127.00
6775888955,2016-04-16,4732.00,3.39,3.39,0.00,2.52,0.81,0.06,0.00,36.00,18.00,9.00,1377.00,2225.00
6775888955,2016-04-17,2497.00,1.79,1.79,0.00,0.35,1.13,0.31,0.00,5.00,24.00,19.00,1392.00,2067.00
6775888955,2016-04-18,8294.00,5.95,5.95,0.00,2.00,0.77,3.17,0.00,30.00,31.00,146.00,1233.00,2798.00
6775888955,2016-04-19,0.00,0.00,0.00,0.00,0.00,0.00,0.00,0.00,0.00,0.00,0.00,1440.00,1841.00
6775888955,2016-04-20,10771.00,7.72,7.72,0.00,3.77,1.74,2.22,0.00,70.00,113.00,178.00,1079.00,3727.00
6775888955,2016-04-21,0.00,0.00,0.00,0.00,0.00,0.00,0.00,0.00,0.00,0.00,0.00,1440.00,1841.00
6775888955,2016-04-22,637.00,0.46,0.46,0.00,0.00,0.00,0.46,0.00,0.00,0.00,20.00,1420.00,1922.00
6775888955,2016-04-23,0.00,0.00,0.00,0.00,0.00,0.00,0.00,0.00,0.00,0.00,0.00,1440.00,1841.00
6775888955,2016-04-24,2153.00,1.54,1.54,0.00,0.77,0.62,0.15,0.00,11.00,18.00,11.00,1400.00,2053.00
6775888955,2016-04-25,6474.00,4.64,4.64,0.00,2.27,0.46,1.90,0.00,33.00,13.00,92.00,1302.00,2484.00
6775888955,2016-04-26,7091.00,5.27,5.27,1.96,3.48,0.87,0.73,0.00,42.00,30.00,47.00,1321.00,2584.00
6775888955,2016-04-27,0.00,0.00,0.00,0.00,0.00,0.00,0.00,0.00,0.00,0.00,0.00,1440.00,1841.00
6775888955,2016-04-28,703.00,0.50,0.50,0.00,0.06,0.20,0.24,0.00,2.00,13.00,15.00,1410.00,1993.00
6775888955,2016-04-29,0.00,0.00,0.00,0.00,0.00,0.00,0.00,0.00,0.00,0.00,0.00,1440.00,1841.00
6775888955,2016-04-30,2503.00,1.79,1.79,0.00,0.16,0.16,1.48,0.00,3.00,9.00,84.00,1344.00,2280.00
6775888955,2016-05-01,2487.00,1.78,1.78,0.00,0.48,0.62,0.68,0.00,9.00,34.00,50.00,1347.00,2319.00
6775888955,2016-05-02,0.00,0.00,0.00,0.00,0.00,0.00,0.00,0.00,0.00,0.00,0.00,1440.00,1841.00
6775888955,2016-05-03,9.00,0.01,0.01,0.00,0.00,0.00,0.01,0.00,0.00,0.00,1.00,1439.00,1843.00
6775888955,2016-05-04,0.00,0.00,0.00,0.00,0.00,0.00,0.00,0.00,0.00,0.00,0.00,1440.00,1841.00
6775888955,2016-05-05,0.00,0.00,0.00,0.00,0.00,0.00,0.00,0.00,0.00,0.00,0.00,1440.00,1841.00
6775888955,2016-05-06,4697.00,3.37,3.37,0.00,0.47,0.93,1.93,0.00,12.00,35.00,75.00,1318.00,2496.00
6775888955,2016-05-07,1967.00,1.41,1.41,0.00,0.13,0.24,1.05,0.00,2.00,5.00,49.00,551.00,1032.00
6962181067,2016-04-12,10199.00,6.74,6.74,0.00,3.40,0.83,2.51,0.00,50.00,14.00,189.00,796.00,1994.00
6962181067,2016-04-13,5652.00,3.74,3.74,0.00,0.57,1.21,1.96,0.00,8.00,24.00,142.00,548.00,1718.00
6962181067,2016-04-14,1551.00,1.03,1.03,0.00,0.00,0.00,1.03,0.00,0.00,0.00,86.00,862.00,1466.00
6962181067,2016-04-15,5563.00,3.68,3.68,0.00,0.00,0.00,3.68,0.00,0.00,0.00,217.00,837.00,1756.00
6962181067,2016-04-16,13217.00,8.74,8.74,0.00,3.66,0.19,4.88,0.00,50.00,3.00,280.00,741.00,2173.00
6962181067,2016-04-17,10145.00,6.71,6.71,0.00,0.33,0.68,5.69,0.00,5.00,13.00,295.00,634.00,2027.00
6962181067,2016-04-18,11404.00,7.54,7.54,0.00,0.83,2.39,4.32,0.00,13.00,42.00,238.00,689.00,2039.00
6962181067,2016-04-19,10742.00,7.10,7.10,0.00,2.10,2.13,2.87,0.00,35.00,41.00,195.00,659.00,2046.00
6962181067,2016-04-20,13928.00,9.55,9.55,0.00,4.28,0.19,5.09,0.00,48.00,4.00,297.00,639.00,2174.00
6962181067,2016-04-21,11835.00,9.71,7.88,4.08,3.99,2.10,3.51,0.11,53.00,27.00,214.00,708.00,2179.00
6962181067,2016-04-22,10725.00,7.09,7.09,0.00,1.77,1.55,3.77,0.00,30.00,33.00,240.00,659.00,2086.00
6962181067,2016-04-23,20031.00,13.24,13.24,0.00,4.20,2.00,7.04,0.00,58.00,41.00,347.00,484.00,2571.00
6962181067,2016-04-24,5029.00,3.32,3.32,0.00,0.00,0.00,3.32,0.00,0.00,0.00,199.00,720.00,1705.00
6962181067,2016-04-25,13239.00,9.27,9.08,2.79,3.02,1.68,4.46,0.10,35.00,31.00,282.00,637.00,2194.00
6962181067,2016-04-26,10433.00,6.90,6.90,0.00,2.58,0.42,3.90,0.00,36.00,7.00,254.00,680.00,2012.00
6962181067,2016-04-27,10320.00,6.82,6.82,0.00,0.55,2.02,4.25,0.00,7.00,38.00,279.00,697.00,2034.00
6962181067,2016-04-28,12627.00,8.35,8.35,0.00,2.51,0.24,5.59,0.00,38.00,8.00,288.00,621.00,2182.00
6962181067,2016-04-29,10762.00,7.11,7.11,0.00,0.82,0.48,5.81,0.00,12.00,15.00,369.00,645.00,2254.00
6962181067,2016-04-30,10081.00,6.66,6.66,0.00,2.24,0.76,3.67,0.00,32.00,16.00,237.00,731.00,2002.00
6962181067,2016-05-01,5454.00,3.61,3.61,0.00,0.00,0.00,3.61,0.00,0.00,0.00,215.00,722.00,1740.00
6962181067,2016-05-02,12912.00,8.54,8.54,0.00,1.20,2.00,5.34,0.00,18.00,39.00,313.00,655.00,2162.00
6962181067,2016-05-03,12109.00,8.12,8.12,0.00,1.74,2.04,4.33,0.00,21.00,36.00,267.00,654.00,2072.00
6962181067,2016-05-04,10147.00,6.71,6.71,0.00,0.47,1.68,4.55,0.00,15.00,36.00,284.00,683.00,2086.00
6962181067,2016-05-05,10524.00,6.96,6.96,0.00,0.99,1.16,4.81,0.00,14.00,22.00,305.00,591.00,2066.00
6962181067,2016-05-06,5908.00,3.91,3.91,0.00,0.00,0.00,3.91,0.00,0.00,0.00,299.00,717.00,1850.00
6962181067,2016-05-07,6815.00,4.50,4.50,0.00,0.00,0.00,4.50,0.00,0.00,0.00,328.00,745.00,1947.00
6962181067,2016-05-08,4188.00,2.77,2.77,0.00,0.00,0.52,2.25,0.00,0.00,14.00,151.00,709.00,1659.00
6962181067,2016-05-09,12342.00,8.72,8.68,3.17,3.90,1.18,3.65,0.00,43.00,21.00,231.00,607.00,2105.00
6962181067,2016-05-10,15448.00,10.21,10.21,0.00,3.47,1.75,4.99,0.00,62.00,34.00,275.00,626.00,2361.00
6962181067,2016-05-11,6722.00,4.44,4.44,0.00,1.49,0.31,2.65,0.00,24.00,7.00,199.00,709.00,1855.00
6962181067,2016-05-12,3587.00,2.37,2.37,0.00,0.00,0.25,2.11,0.00,0.00,8.00,105.00,127.00,928.00
7007744171,2016-04-12,14172.00,10.29,9.48,4.87,4.50,0.38,5.41,0.00,53.00,8.00,355.00,1024.00,2937.00
7007744171,2016-04-13,12862.00,9.65,8.60,4.85,4.61,0.56,4.48,0.00,56.00,22.00,261.00,1101.00,2742.00
7007744171,2016-04-14,11179.00,8.24,7.48,3.29,2.95,0.34,4.96,0.00,34.00,6.00,304.00,1096.00,2668.00
7007744171,2016-04-15,5273.00,3.53,3.53,0.00,0.00,0.00,3.53,0.00,0.00,0.00,202.00,1238.00,2098.00
7007744171,2016-04-16,4631.00,3.10,3.10,0.00,0.00,0.00,3.10,0.00,0.00,0.00,203.00,1155.00,2076.00
7007744171,2016-04-17,8059.00,5.39,5.39,0.00,0.00,0.00,5.39,0.00,0.00,0.00,305.00,1135.00,2383.00
7007744171,2016-04-18,14816.00,10.98,9.91,4.93,3.79,2.12,5.05,0.02,48.00,31.00,284.00,1077.00,2832.00
7007744171,2016-04-19,14194.00,10.48,9.50,4.94,4.41,0.76,5.31,0.00,53.00,17.00,304.00,1066.00,2812.00
7007744171,2016-04-20,15566.00,11.31,10.41,4.92,4.79,0.67,5.86,0.00,60.00,33.00,347.00,1000.00,3096.00
7007744171,2016-04-21,13744.00,9.19,9.19,0.00,2.15,1.87,5.17,0.00,30.00,34.00,327.00,1049.00,2763.00
7007744171,2016-04-22,15299.00,10.24,10.24,0.00,4.10,1.76,4.37,0.00,64.00,50.00,261.00,1065.00,2889.00
7007744171,2016-04-23,8093.00,5.41,5.41,0.00,0.13,1.13,4.15,0.00,2.00,25.00,223.00,1190.00,2284.00
7007744171,2016-04-24,11085.00,7.42,7.42,0.00,0.00,0.00,7.42,0.00,0.00,0.00,419.00,1021.00,2667.00
7007744171,2016-04-25,18229.00,13.34,12.20,4.86,4.31,1.37,7.67,0.00,51.00,24.00,379.00,986.00,3055.00
7007744171,2016-04-26,15090.00,10.10,10.10,0.00,0.93,0.94,8.23,0.00,16.00,22.00,424.00,978.00,2939.00
7007744171,2016-04-27,13541.00,10.22,9.06,4.89,4.27,0.66,5.29,0.00,50.00,12.00,337.00,1041.00,2830.00
7007744171,2016-04-28,15128.00,10.12,10.12,0.00,1.09,0.77,8.26,0.00,16.00,16.00,401.00,1007.00,2836.00
7007744171,2016-04-29,20067.00,14.30,13.42,4.91,4.31,2.05,7.95,0.00,55.00,42.00,382.00,961.00,3180.00
7007744171,2016-04-30,3761.00,2.52,2.52,0.00,0.00,0.00,2.52,0.00,0.00,0.00,200.00,1240.00,2051.00
7007744171,2016-05-01,5600.00,3.75,3.75,0.00,0.00,0.00,3.75,0.00,0.00,0.00,237.00,1142.00,2225.00
7007744171,2016-05-02,13041.00,9.18,8.72,2.83,4.64,0.70,3.83,0.00,64.00,14.00,250.00,1112.00,2642.00
7007744171,2016-05-03,14510.00,10.87,9.71,4.91,4.48,1.02,5.36,0.00,58.00,31.00,330.00,1021.00,2976.00
7007744171,2016-05-04,0.00,0.00,0.00,0.00,0.00,0.00,0.00,0.00,0.00,0.00,0.00,1440.00,1557.00
7007744171,2016-05-05,15010.00,11.10,10.04,4.88,4.33,1.29,5.48,0.00,53.00,23.00,317.00,1047.00,2933.00
7007744171,2016-05-06,11459.00,7.67,7.67,0.00,3.00,0.81,3.86,0.00,44.00,13.00,247.00,1136.00,2553.00
7007744171,2016-05-07,0.00,0.00,0.00,0.00,0.00,0.00,0.00,0.00,0.00,0.00,0.00,111.00,120.00
7086361926,2016-04-12,11317.00,8.41,8.41,0.00,5.27,0.15,2.97,0.00,59.00,6.00,153.00,745.00,2772.00
7086361926,2016-04-13,5813.00,3.62,3.62,0.00,0.56,0.21,2.84,0.00,31.00,26.00,155.00,744.00,2516.00
7086361926,2016-04-14,9123.00,6.12,6.12,0.00,2.03,0.33,3.66,0.00,35.00,32.00,189.00,787.00,2734.00
7086361926,2016-04-15,8585.00,5.67,5.67,0.00,2.04,1.11,2.53,0.00,30.00,21.00,139.00,864.00,2395.00
7086361926,2016-04-16,31.00,0.01,0.01,0.00,0.00,0.00,0.01,0.00,0.00,0.00,3.00,1437.00,1635.00
7086361926,2016-04-17,0.00,0.00,0.00,0.00,0.00,0.00,0.00,0.00,0.00,0.00,0.00,1440.00,1629.00
7086361926,2016-04-18,9827.00,6.71,6.71,0.00,3.17,1.22,2.31,0.00,61.00,51.00,114.00,1136.00,2743.00
7086361926,2016-04-19,10688.00,7.29,7.29,0.00,3.53,1.23,2.51,0.00,67.00,69.00,124.00,671.00,2944.00
7086361926,2016-04-20,14365.00,10.64,10.64,0.00,7.64,0.45,2.54,0.00,87.00,13.00,145.00,797.00,2997.00
7086361926,2016-04-21,9469.00,6.18,6.18,0.00,1.36,0.30,4.51,0.00,19.00,6.00,206.00,758.00,2463.00
7086361926,2016-04-22,9753.00,6.53,6.53,0.00,2.87,0.97,2.67,0.00,58.00,59.00,153.00,762.00,2846.00
7086361926,2016-04-23,2817.00,1.81,1.81,0.00,0.00,0.00,1.80,0.00,0.00,0.00,90.00,1350.00,1965.00
7086361926,2016-04-24,3520.00,2.16,2.16,0.00,0.00,0.00,2.15,0.00,0.00,0.00,125.00,566.00,2049.00
7086361926,2016-04-25,10091.00,6.82,6.82,0.00,3.75,0.70,2.37,0.00,69.00,39.00,129.00,706.00,2752.00
7086361926,2016-04-26,10387.00,7.07,7.07,0.00,4.16,0.77,2.12,0.00,70.00,33.00,132.00,726.00,2781.00
7086361926,2016-04-27,11107.00,8.34,8.34,0.00,5.63,0.18,2.53,0.00,55.00,6.00,145.00,829.00,2693.00
7086361926,2016-04-28,11584.00,7.80,7.80,0.00,2.79,1.64,3.36,0.00,54.00,48.00,161.00,810.00,2862.00
7086361926,2016-04-29,7881.00,4.95,4.95,0.00,0.49,0.45,4.00,0.00,24.00,36.00,182.00,1198.00,2616.00
7086361926,2016-04-30,14560.00,9.41,9.41,0.00,3.12,1.04,5.24,0.00,42.00,17.00,308.00,584.00,2995.00
7086361926,2016-05-01,12390.00,8.07,8.07,0.00,2.30,0.90,4.85,0.00,30.00,15.00,258.00,685.00,2730.00
7086361926,2016-05-02,10052.00,6.81,6.81,0.00,3.48,0.66,2.66,0.00,66.00,26.00,139.00,737.00,2754.00
7086361926,2016-05-03,10288.00,6.76,6.76,0.00,2.74,0.85,3.16,0.00,57.00,36.00,152.00,761.00,2754.00
7086361926,2016-05-04,10988.00,8.31,8.31,0.00,5.28,0.12,2.90,0.00,45.00,12.00,135.00,843.00,2655.00
7086361926,2016-05-05,8564.00,5.60,5.60,0.00,1.78,0.83,2.95,0.00,24.00,14.00,149.00,1253.00,2386.00
7086361926,2016-05-06,12461.00,8.38,8.38,0.00,3.82,1.43,3.12,0.00,84.00,35.00,154.00,834.00,2924.00
7086361926,2016-05-07,12827.00,8.48,8.48,0.00,1.46,2.33,4.68,0.00,20.00,42.00,209.00,621.00,2739.00
7086361926,2016-05-08,10677.00,7.10,7.10,0.00,2.31,1.53,3.25,0.00,32.00,27.00,147.00,695.00,2534.00
7086361926,2016-05-09,13566.00,9.11,9.11,0.00,4.26,1.71,3.12,0.00,67.00,50.00,171.00,743.00,2960.00
7086361926,2016-05-10,14433.00,10.79,10.79,0.00,7.11,1.20,2.45,0.00,72.00,23.00,106.00,1182.00,2800.00
7086361926,2016-05-11,9572.00,6.52,6.52,0.00,2.89,1.39,2.23,0.00,57.00,40.00,128.00,757.00,2735.00
7086361926,2016-05-12,3789.00,2.56,2.56,0.00,0.38,0.27,1.89,0.00,5.00,4.00,58.00,343.00,1199.00
8053475328,2016-04-12,18060.00,14.12,14.12,0.00,11.64,0.39,2.10,0.00,116.00,8.00,123.00,1193.00,3186.00
8053475328,2016-04-13,16433.00,13.35,13.35,0.00,10.43,0.47,2.45,0.00,95.00,12.00,156.00,1177.00,3140.00
8053475328,2016-04-14,20159.00,15.97,15.97,0.00,12.34,0.21,3.36,0.00,119.00,5.00,193.00,1123.00,3411.00
8053475328,2016-04-15,20669.00,16.24,16.24,0.00,13.26,0.39,2.59,0.00,132.00,8.00,158.00,1142.00,3410.00
8053475328,2016-04-16,14549.00,11.11,11.11,0.00,9.36,0.27,1.49,0.00,96.00,6.00,83.00,1255.00,2867.00
8053475328,2016-04-17,18827.00,13.69,13.69,0.00,9.24,0.80,3.64,0.00,111.00,21.00,195.00,1113.00,3213.00
8053475328,2016-04-18,17076.00,12.66,12.66,0.00,9.08,0.23,3.35,0.00,102.00,6.00,195.00,1137.00,3133.00
8053475328,2016-04-19,15929.00,12.48,12.48,0.00,9.22,0.31,2.95,0.00,90.00,7.00,191.00,1152.00,3114.00
8053475328,2016-04-20,15108.00,12.19,12.19,0.00,9.58,0.23,2.38,0.00,89.00,5.00,158.00,695.00,3043.00
8053475328,2016-04-21,16057.00,12.51,12.51,0.00,9.67,0.25,2.58,0.00,100.00,6.00,170.00,1164.00,3103.00
8053475328,2016-04-22,10520.00,8.29,8.29,0.00,6.26,0.15,1.88,0.00,60.00,3.00,117.00,1260.00,2655.00
8053475328,2016-04-23,22359.00,17.19,17.19,0.00,12.54,0.63,4.02,0.00,125.00,14.00,223.00,741.00,3554.00
8053475328,2016-04-24,22988.00,17.95,17.95,0.00,13.13,1.55,3.26,0.00,129.00,33.00,182.00,1096.00,3577.00
8053475328,2016-04-25,20500.00,15.69,15.69,0.00,11.37,0.46,3.86,0.00,118.00,9.00,209.00,1104.00,3403.00
8053475328,2016-04-26,12685.00,9.62,9.62,0.00,6.31,0.20,3.10,0.00,68.00,5.00,185.00,1182.00,2846.00
8053475328,2016-04-27,12422.00,9.82,9.82,0.00,6.46,0.43,2.93,0.00,60.00,10.00,183.00,1187.00,2852.00
8053475328,2016-04-28,15447.00,12.40,12.40,0.00,9.67,0.39,2.35,0.00,90.00,9.00,153.00,1188.00,3062.00
8053475328,2016-04-29,12315.00,9.65,9.65,0.00,6.17,0.31,3.17,0.00,58.00,8.00,159.00,1215.00,2794.00
8053475328,2016-04-30,7135.00,5.59,5.59,0.00,2.99,0.06,2.54,0.00,27.00,1.00,131.00,1281.00,2408.00
8053475328,2016-05-01,1170.00,0.85,0.85,0.00,0.00,0.00,0.85,0.00,0.00,0.00,51.00,1389.00,1886.00
8053475328,2016-05-02,1969.00,1.43,1.43,0.00,0.00,0.00,1.43,0.00,0.00,0.00,95.00,1345.00,1988.00
8053475328,2016-05-03,15484.00,11.90,11.90,0.00,8.39,0.93,2.59,0.00,87.00,22.00,165.00,1166.00,3023.00
8053475328,2016-05-04,14581.00,11.15,11.15,0.00,8.82,0.40,1.91,0.00,89.00,8.00,123.00,1220.00,2918.00
8053475328,2016-05-05,14990.00,11.51,11.51,0.00,8.85,0.45,2.21,0.00,93.00,9.00,130.00,1208.00,2950.00
8053475328,2016-05-06,13953.00,11.00,11.00,0.00,9.10,0.69,1.21,0.00,90.00,15.00,90.00,1245.00,2859.00
8053475328,2016-05-07,19769.00,15.67,15.67,0.00,12.44,0.88,2.35,0.00,121.00,20.00,148.00,1076.00,3331.00
8053475328,2016-05-08,22026.00,17.65,17.65,0.00,13.40,0.59,3.66,0.00,125.00,14.00,228.00,1073.00,3589.00
8053475328,2016-05-09,12465.00,9.38,9.38,0.00,6.12,0.57,2.69,0.00,66.00,12.00,148.00,1214.00,2765.00
8053475328,2016-05-10,14810.00,11.36,11.36,0.00,9.09,0.42,1.85,0.00,96.00,10.00,115.00,1219.00,2926.00
8053475328,2016-05-11,12209.00,9.40,9.40,0.00,6.08,0.28,3.04,0.00,60.00,7.00,184.00,1189.00,2809.00
8053475328,2016-05-12,4998.00,3.91,3.91,0.00,2.95,0.20,0.76,0.00,28.00,4.00,39.00,839.00,1505.00
8253242879,2016-04-12,9033.00,7.16,7.16,0.00,5.43,0.14,1.59,0.00,40.00,2.00,154.00,1244.00,2044.00
8253242879,2016-04-13,8053.00,6.10,6.10,0.00,4.17,0.63,1.31,0.00,35.00,11.00,96.00,1298.00,1935.00
8253242879,2016-04-14,5234.00,3.46,3.46,0.00,1.93,0.99,0.54,0.00,29.00,16.00,33.00,1362.00,1705.00
8253242879,2016-04-15,2672.00,1.77,1.77,0.00,0.00,0.00,1.76,0.00,0.00,0.00,105.00,1335.00,1632.00
8253242879,2016-04-16,9256.00,6.14,6.14,0.00,0.43,3.27,2.45,0.00,6.00,51.00,115.00,1268.00,1880.00
8253242879,2016-04-17,10204.00,7.91,7.91,0.00,5.43,0.15,2.33,0.00,41.00,5.00,157.00,1237.00,2112.00
8253242879,2016-04-18,5151.00,3.48,3.48,0.00,1.04,0.63,1.80,0.00,16.00,16.00,130.00,1278.00,1829.00
8253242879,2016-04-19,4212.00,2.78,2.78,0.00,0.00,0.00,2.78,0.00,0.00,0.00,164.00,1276.00,1763.00
8253242879,2016-04-20,6466.00,4.27,4.27,0.00,0.33,0.82,3.11,0.01,5.00,18.00,216.00,1201.00,1931.00
8253242879,2016-04-21,11268.00,8.56,8.56,0.00,5.88,0.93,1.75,0.00,49.00,20.00,172.00,1199.00,2218.00
8253242879,2016-04-22,2824.00,1.87,1.87,0.00,0.00,0.00,1.87,0.00,0.00,0.00,120.00,1320.00,1651.00
8253242879,2016-04-23,9282.00,6.26,6.26,0.00,2.09,1.04,3.13,0.00,30.00,26.00,191.00,1193.00,2132.00
8253242879,2016-04-24,8905.00,7.13,7.13,0.00,5.60,0.19,1.34,0.00,41.00,4.00,82.00,1313.00,1976.00
8253242879,2016-04-25,6829.00,4.51,4.51,0.00,0.36,2.39,1.77,0.00,7.00,54.00,118.00,1261.00,1909.00
8253242879,2016-04-26,4562.00,3.04,3.04,0.00,1.18,0.49,1.37,0.00,19.00,14.00,108.00,1299.00,1813.00
8253242879,2016-04-27,10232.00,8.18,8.18,0.00,6.24,0.23,1.70,0.00,45.00,5.00,104.00,1286.00,2008.00
8253242879,2016-04-28,2718.00,1.80,1.80,0.00,0.67,0.78,0.34,0.00,11.00,16.00,20.00,1393.00,1580.00
8253242879,2016-04-29,6260.00,4.26,4.26,0.00,1.29,0.54,2.40,0.00,16.00,14.00,136.00,1257.00,1854.00
8253242879,2016-04-30,0.00,0.00,0.00,0.00,0.00,0.00,0.00,0.00,0.00,0.00,0.00,1440.00,0.00
8378563200,2016-04-12,7626.00,6.05,6.05,2.25,0.83,0.71,4.50,0.00,65.00,15.00,156.00,723.00,3635.00
8378563200,2016-04-13,12386.00,9.82,9.82,2.09,4.96,0.65,4.21,0.00,116.00,14.00,169.00,680.00,4079.00
8378563200,2016-04-14,13318.00,10.56,10.56,2.25,5.62,1.03,3.91,0.00,123.00,21.00,174.00,699.00,4163.00
8378563200,2016-04-15,14461.00,11.47,11.47,0.00,4.91,1.15,5.41,0.00,60.00,23.00,190.00,729.00,3666.00
8378563200,2016-04-16,11207.00,8.89,8.89,0.00,5.37,1.07,2.44,0.00,64.00,21.00,142.00,563.00,3363.00
8378563200,2016-04-17,2132.00,1.69,1.69,0.00,0.00,0.00,1.69,0.00,0.00,0.00,93.00,599.00,2572.00
8378563200,2016-04-18,13630.00,10.81,10.81,2.09,5.05,0.56,5.20,0.00,117.00,10.00,174.00,720.00,4157.00
8378563200,2016-04-19,13070.00,10.36,10.36,2.25,5.30,0.88,4.18,0.00,120.00,19.00,154.00,737.00,4092.00
8378563200,2016-04-20,9388.00,7.44,7.44,2.09,2.23,0.44,4.78,0.00,82.00,8.00,169.00,763.00,3787.00
8378563200,2016-04-21,15148.00,12.01,12.01,2.25,6.90,0.82,4.29,0.00,137.00,16.00,145.00,677.00,4236.00
8378563200,2016-04-22,12200.00,9.67,9.67,2.09,4.91,0.59,4.18,0.00,113.00,12.00,159.00,769.00,4044.00
8378563200,2016-04-23,5709.00,4.53,4.53,0.00,1.52,0.52,2.48,0.00,19.00,10.00,136.00,740.00,2908.00
8378563200,2016-04-24,3703.00,2.94,2.94,0.00,0.00,0.00,2.94,0.00,0.00,0.00,135.00,734.00,2741.00
8378563200,2016-04-25,12405.00,9.84,9.84,2.09,5.05,0.87,3.92,0.00,117.00,16.00,141.00,692.00,4005.00
8378563200,2016-04-26,16208.00,12.85,12.85,0.00,7.51,0.92,4.42,0.00,90.00,18.00,161.00,593.00,3763.00
8378563200,2016-04-27,7359.00,5.84,5.84,0.00,0.33,0.18,5.33,0.00,4.00,4.00,192.00,676.00,3061.00
8378563200,2016-04-28,5417.00,4.30,4.30,0.00,0.90,0.49,2.91,0.00,11.00,10.00,139.00,711.00,2884.00
8378563200,2016-04-29,6175.00,4.90,4.90,0.00,0.25,0.36,4.27,0.00,3.00,7.00,172.00,767.00,2982.00
8378563200,2016-04-30,2946.00,2.34,2.34,0.00,0.00,0.00,2.34,0.00,0.00,0.00,121.00,780.00,2660.00
8378563200,2016-05-01,11419.00,9.06,9.06,0.00,6.03,0.56,2.47,0.00,71.00,10.00,127.00,669.00,3369.00
8378563200,2016-05-02,6064.00,4.81,4.81,2.09,0.63,0.17,4.01,0.00,63.00,4.00,142.00,802.00,3491.00
8378563200,2016-05-03,8712.00,6.91,6.91,2.25,1.34,1.06,4.50,0.00,71.00,20.00,195.00,822.00,3784.00
8378563200,2016-05-04,7875.00,6.24,6.24,0.00,1.56,0.49,4.20,0.00,19.00,10.00,167.00,680.00,3110.00
8378563200,2016-05-05,8567.00,6.79,6.79,2.25,0.89,0.16,5.74,0.00,66.00,3.00,214.00,764.00,3783.00
8378563200,2016-05-06,7045.00,5.59,5.59,2.09,1.55,0.25,3.78,0.00,74.00,5.00,166.00,831.00,3644.00
8378563200,2016-05-07,4468.00,3.54,3.54,0.00,0.00,0.00,3.54,0.00,0.00,0.00,158.00,851.00,2799.00
8378563200,2016-05-08,2943.00,2.33,2.33,0.00,0.00,0.00,2.33,0.00,0.00,0.00,139.00,621.00,2685.00
8378563200,2016-05-09,8382.00,6.65,6.65,2.09,1.27,0.66,4.72,0.00,71.00,13.00,171.00,772.00,3721.00
8378563200,2016-05-10,6582.00,5.22,5.22,2.25,0.66,0.64,3.92,0.00,63.00,13.00,152.00,840.00,3586.00
8378563200,2016-05-11,9143.00,7.25,7.25,2.09,1.39,0.59,5.27,0.00,72.00,10.00,184.00,763.00,3788.00
8378563200,2016-05-12,4561.00,3.62,3.62,0.00,0.65,0.27,2.69,0.00,8.00,6.00,102.00,433.00,1976.00
8583815059,2016-04-12,5014.00,3.91,3.91,0.00,0.00,0.33,3.58,0.00,0.00,7.00,196.00,1237.00,2650.00
8583815059,2016-04-13,5571.00,4.35,4.35,0.00,0.15,0.97,3.23,0.00,2.00,23.00,163.00,1252.00,2654.00
8583815059,2016-04-14,3135.00,2.45,2.45,0.00,0.00,0.00,2.43,0.00,0.00,0.00,134.00,1306.00,2443.00
8583815059,2016-04-15,3430.00,2.68,2.68,0.00,0.00,0.00,0.90,0.00,0.00,0.00,65.00,1375.00,2505.00
8583815059,2016-04-16,5319.00,4.15,4.15,0.00,0.00,0.00,0.00,0.00,0.00,0.00,0.00,1440.00,2693.00
8583815059,2016-04-17,3008.00,2.35,2.35,0.00,0.00,0.00,0.00,0.00,0.00,0.00,0.00,1440.00,2439.00
8583815059,2016-04-18,3864.00,3.01,3.01,0.00,0.31,1.06,1.35,0.00,4.00,22.00,105.00,1309.00,2536.00
8583815059,2016-04-19,5697.00,4.44,4.44,0.00,0.53,0.48,3.44,0.00,7.00,10.00,166.00,1257.00,2668.00
8583815059,2016-04-20,5273.00,4.11,4.11,0.00,0.00,1.04,3.07,0.00,0.00,27.00,167.00,1246.00,2647.00
8583815059,2016-04-21,8538.00,6.66,6.66,0.00,2.63,1.02,3.01,0.00,35.00,18.00,158.00,1229.00,2883.00
8583815059,2016-04-22,8687.00,6.78,6.78,0.00,0.29,2.41,4.08,0.00,4.00,54.00,212.00,1170.00,2944.00
8583815059,2016-04-23,9423.00,7.35,7.35,0.00,0.53,2.03,4.75,0.00,7.00,44.00,238.00,1151.00,3012.00
8583815059,2016-04-24,8286.00,6.46,6.46,0.00,0.15,2.05,4.27,0.00,2.00,44.00,206.00,1188.00,2889.00
8583815059,2016-04-25,4503.00,3.51,3.51,0.00,1.47,0.24,1.81,0.00,18.00,6.00,122.00,1294.00,2547.00
8583815059,2016-04-26,10499.00,8.19,8.19,0.00,0.07,4.22,3.89,0.00,1.00,91.00,214.00,1134.00,3093.00
8583815059,2016-04-27,12474.00,9.73,9.73,0.00,6.60,0.27,2.87,0.00,77.00,5.00,129.00,1229.00,3142.00
8583815059,2016-04-28,6174.00,4.82,4.82,0.00,0.00,1.20,3.61,0.00,0.00,28.00,203.00,1209.00,2757.00
8583815059,2016-04-29,15168.00,11.83,11.83,0.00,3.90,3.00,4.92,0.00,46.00,67.00,258.00,1069.00,3513.00
8583815059,2016-04-30,10085.00,7.87,7.87,0.00,0.15,1.28,6.43,0.00,2.00,28.00,317.00,1093.00,3164.00
8583815059,2016-05-01,4512.00,3.52,3.52,0.00,0.78,0.12,2.04,0.00,10.00,2.00,117.00,1311.00,2596.00
8583815059,2016-05-02,8469.00,6.61,6.61,0.00,0.00,0.00,0.00,0.00,0.00,0.00,0.00,1440.00,2894.00
8583815059,2016-05-03,12015.00,9.37,9.37,0.00,0.00,0.00,0.00,0.00,0.00,0.00,0.00,1440.00,3212.00
8583815059,2016-05-04,3588.00,2.80,2.80,0.00,0.00,0.00,0.00,0.00,0.00,0.00,0.00,1440.00,2516.00
8583815059,2016-05-05,12427.00,9.69,9.69,0.00,0.00,0.00,1.18,0.00,0.00,0.00,70.00,1370.00,3266.00
8583815059,2016-05-06,5843.00,4.56,4.56,0.00,0.14,1.19,3.23,0.00,2.00,22.00,166.00,1250.00,2683.00
8583815059,2016-05-07,6117.00,4.77,4.77,0.00,0.00,0.00,4.77,0.00,0.00,0.00,250.00,1190.00,2810.00
8583815059,2016-05-08,9217.00,7.19,7.19,0.00,0.22,3.31,3.66,0.00,3.00,72.00,182.00,1183.00,2940.00
8583815059,2016-05-09,9877.00,7.70,7.70,0.00,5.76,0.17,1.73,0.00,66.00,4.00,110.00,1260.00,2947.00
8583815059,2016-05-10,8240.00,6.43,6.43,0.00,0.69,2.01,3.72,0.00,9.00,43.00,162.00,1226.00,2846.00
8583815059,2016-05-11,8701.00,6.79,6.79,0.00,0.37,3.24,3.17,0.00,5.00,71.00,177.00,1106.00,2804.00
8583815059,2016-05-12,0.00,0.00,0.00,0.00,0.00,0.00,0.00,0.00,0.00,0.00,0.00,1440.00,0.00
8792009665,2016-04-12,2564.00,1.64,1.64,0.00,0.00,0.00,1.64,0.00,0.00,0.00,116.00,831.00,2044.00
8792009665,2016-04-13,1320.00,0.84,0.84,0.00,0.00,0.00,0.84,0.00,0.00,0.00,82.00,806.00,1934.00
8792009665,2016-04-14,1219.00,0.78,0.78,0.00,0.00,0.00,0.78,0.00,0.00,0.00,84.00,853.00,1963.00
8792009665,2016-04-15,2483.00,1.59,1.59,0.00,0.00,0.00,1.59,0.00,0.00,0.00,126.00,937.00,2009.00
8792009665,2016-04-16,244.00,0.16,0.16,0.00,0.00,0.00,0.16,0.00,0.00,0.00,12.00,1428.00,1721.00
8792009665,2016-04-17,0.00,0.00,0.00,0.00,0.00,0.00,0.00,0.00,0.00,0.00,0.00,1440.00,1688.00
8792009665,2016-04-18,0.00,0.00,0.00,0.00,0.00,0.00,0.00,0.00,0.00,0.00,0.00,1440.00,1688.00
8792009665,2016-04-19,0.00,0.00,0.00,0.00,0.00,0.00,0.00,0.00,0.00,0.00,0.00,1440.00,1688.00
8792009665,2016-04-20,3147.00,2.01,2.01,0.00,0.00,0.28,1.74,0.00,0.00,10.00,139.00,744.00,2188.00
8792009665,2016-04-21,144.00,0.09,0.09,0.00,0.00,0.00,0.09,0.00,0.00,0.00,9.00,1431.00,1720.00
8792009665,2016-04-22,4068.00,2.60,2.60,0.00,0.05,0.28,2.27,0.00,1.00,20.00,195.00,817.00,2419.00
8792009665,2016-04-23,5245.00,3.36,3.36,0.00,0.16,0.44,2.75,0.00,8.00,45.00,232.00,795.00,2748.00
8792009665,2016-04-24,400.00,0.26,0.26,0.00,0.04,0.05,0.16,0.00,3.00,8.00,19.00,1410.00,1799.00
8792009665,2016-04-25,0.00,0.00,0.00,0.00,0.00,0.00,0.00,0.00,0.00,0.00,0.00,1440.00,1688.00
8792009665,2016-04-26,1321.00,0.85,0.85,0.00,0.00,0.00,0.85,0.00,0.00,0.00,80.00,1360.00,1928.00
8792009665,2016-04-27,1758.00,1.13,1.13,0.00,0.00,0.00,1.13,0.00,0.00,0.00,112.00,900.00,2067.00
8792009665,2016-04-28,6157.00,3.94,3.94,0.00,0.00,0.00,3.94,0.00,0.00,0.00,310.00,714.00,2780.00
8792009665,2016-04-29,8360.00,5.35,5.35,0.00,0.14,0.28,4.93,0.00,6.00,14.00,380.00,634.00,3101.00
8792009665,2016-04-30,7174.00,4.59,4.59,0.00,0.33,0.36,3.91,0.00,10.00,20.00,301.00,749.00,2896.00
8792009665,2016-05-01,1619.00,1.04,1.04,0.00,0.00,0.00,1.04,0.00,0.00,0.00,79.00,834.00,1962.00
8792009665,2016-05-02,1831.00,1.17,1.17,0.00,0.00,0.00,1.17,0.00,0.00,0.00,101.00,916.00,2015.00
8792009665,2016-05-03,2421.00,1.55,1.55,0.00,0.00,0.00,1.55,0.00,0.00,0.00,156.00,739.00,2297.00
8792009665,2016-05-04,2283.00,1.46,1.46,0.00,0.00,0.00,1.46,0.00,0.00,0.00,129.00,848.00,2067.00
8792009665,2016-05-05,0.00,0.00,0.00,0.00,0.00,0.00,0.00,0.00,0.00,0.00,0.00,1440.00,1688.00
8792009665,2016-05-06,0.00,0.00,0.00,0.00,0.00,0.00,0.00,0.00,0.00,0.00,0.00,1440.00,1688.00
8792009665,2016-05-07,0.00,0.00,0.00,0.00,0.00,0.00,0.00,0.00,0.00,0.00,0.00,1440.00,1688.00
8792009665,2016-05-08,0.00,0.00,0.00,0.00,0.00,0.00,0.00,0.00,0.00,0.00,0.00,1440.00,1688.00
8792009665,2016-05-09,0.00,0.00,0.00,0.00,0.00,0.00,0.00,0.00,0.00,0.00,0.00,1440.00,1688.00
8792009665,2016-05-10,0.00,0.00,0.00,0.00,0.00,0.00,0.00,0.00,0.00,0.00,0.00,48.00,57.00
8877689391,2016-04-12,23186.00,20.40,20.40,0.00,12.22,0.34,7.82,0.00,85.00,7.00,312.00,1036.00,3921.00
8877689391,2016-04-13,15337.00,9.58,9.58,0.00,3.55,0.38,5.64,0.00,108.00,18.00,216.00,1098.00,3566.00
8877689391,2016-04-14,21129.00,18.98,18.98,0.00,10.55,0.59,7.75,0.02,68.00,13.00,298.00,1061.00,3793.00
8877689391,2016-04-15,13422.00,7.17,7.17,0.00,0.05,0.05,7.01,0.01,106.00,1.00,281.00,1052.00,3934.00
8877689391,2016-04-16,29326.00,25.29,25.29,0.00,13.24,1.21,10.71,0.00,94.00,29.00,429.00,888.00,4547.00
8877689391,2016-04-17,15118.00,8.87,8.87,0.00,0.00,0.07,8.79,0.00,58.00,15.00,307.00,1060.00,3545.00
8877689391,2016-04-18,11423.00,8.67,8.67,0.00,2.44,0.27,5.94,0.00,29.00,5.00,191.00,1215.00,2761.00
8877689391,2016-04-19,18785.00,17.40,17.40,0.00,12.15,0.18,5.03,0.00,82.00,13.00,214.00,1131.00,3676.00
8877689391,2016-04-20,19948.00,18.11,18.11,0.00,11.02,0.69,6.34,0.00,73.00,19.00,225.00,1123.00,3679.00
8877689391,2016-04-21,19377.00,17.62,17.62,0.00,12.29,0.42,4.89,0.00,82.00,13.00,226.00,1119.00,3659.00
8877689391,2016-04-22,18258.00,16.31,16.31,0.00,10.23,0.03,5.97,0.05,61.00,2.00,236.00,1141.00,3427.00
8877689391,2016-04-23,11200.00,7.43,7.43,0.00,0.00,0.00,7.40,0.01,102.00,6.00,300.00,1032.00,3891.00
8877689391,2016-04-24,16674.00,15.74,15.74,0.00,11.01,0.01,4.69,0.00,64.00,1.00,227.00,1148.00,3455.00
8877689391,2016-04-25,12986.00,8.74,8.74,0.00,2.37,0.07,6.27,0.01,113.00,8.00,218.00,1101.00,3802.00
8877689391,2016-04-26,11101.00,8.43,8.43,0.00,1.76,0.13,6.50,0.00,22.00,3.00,258.00,1157.00,2860.00
8877689391,2016-04-27,23629.00,20.65,20.65,0.00,13.07,0.44,7.10,0.00,93.00,8.00,235.00,1104.00,3808.00
8877689391,2016-04-28,14890.00,11.30,11.30,0.00,4.93,0.38,5.97,0.00,58.00,8.00,231.00,1143.00,3060.00
8877689391,2016-04-29,9733.00,7.39,7.39,0.00,1.38,0.17,5.79,0.00,18.00,5.00,210.00,1207.00,2698.00
8877689391,2016-04-30,27745.00,26.72,26.72,0.00,21.66,0.08,4.93,0.00,124.00,4.00,223.00,1089.00,4398.00
8877689391,2016-05-01,10930.00,8.32,8.32,0.00,3.13,0.57,4.57,0.00,36.00,12.00,166.00,1226.00,2786.00
8877689391,2016-05-02,4790.00,3.64,3.64,0.00,0.00,0.00,3.56,0.00,0.00,0.00,105.00,1335.00,2189.00
8877689391,2016-05-03,10818.00,8.21,8.21,0.00,1.39,0.10,6.67,0.01,19.00,3.00,229.00,1189.00,2817.00
8877689391,2016-05-04,18193.00,16.30,16.30,0.00,10.42,0.31,5.53,0.00,66.00,8.00,212.00,1154.00,3477.00
8877689391,2016-05-05,14055.00,10.67,10.67,0.00,5.46,0.82,4.37,0.00,67.00,15.00,188.00,1170.00,3052.00
8877689391,2016-05-06,21727.00,19.34,19.34,0.00,12.79,0.29,6.16,0.00,96.00,17.00,232.00,1095.00,4015.00
8877689391,2016-05-07,12332.00,8.13,8.13,0.00,0.08,0.96,6.99,0.00,105.00,28.00,271.00,1036.00,4142.00
8877689391,2016-05-08,10686.00,8.11,8.11,0.00,1.08,0.20,6.80,0.00,17.00,4.00,245.00,1174.00,2847.00
8877689391,2016-05-09,20226.00,18.25,18.25,0.00,11.10,0.80,6.24,0.05,73.00,19.00,217.00,1131.00,3710.00
8877689391,2016-05-10,10733.00,8.15,8.15,0.00,1.35,0.46,6.28,0.00,18.00,11.00,224.00,1187.00,2832.00
8877689391,2016-05-11,21420.00,19.56,19.56,0.00,13.22,0.41,5.89,0.00,88.00,12.00,213.00,1127.00,3832.00
8877689391,2016-05-12,8064.00,6.12,6.12,0.00,1.82,0.04,4.25,0.00,23.00,1.00,137.00,770.00,1849.00